{"stats":{"minecraft:broken":{"minecraft:stone_pickaxe":5,"minecraft:iron_pickaxe":1,"minecraft:wooden_pickaxe":1},"minecraft:used":{"minecraft:stone_pickaxe":796,"minecraft:wooden_pickaxe":48,"minecraft:torch":27,"minecraft:dirt":1,"minecraft:mutton":5,"minecraft:crafting_table":5,"twigs:rhyolite":35,"minecraft:cobbled_deepslate_stairs":97,"minecraft:bread":1,"minecraft:iron_pickaxe":324,"minecraft:stone_axe":68,"minecraft:cobblestone":61,"minecraft:cooked_beef":3,"minecraft:cobbled_deepslate":12,"delightful:acorn":2},"minecraft:mined":{"minecraft:tuff":3,"minecraft:cobbled_deepslate_stairs":4,"galosphere:deepslate_silver_ore":6,"minecraft:crafting_table":4,"minecraft:torch":2,"minecraft:granite":19,"minecraft:grass_block":4,"minecraft:tall_grass":3,"minecraft:cobblestone":2,"minecraft:diorite":54,"minecraft:wall_torch":10,"byg:soapstone":34,"minecraft:iron_ore":13,"minecraft:cobbled_deepslate":7,"minecraft:andesite":2,"minecraft:deepslate_lapis_ore":3,"minecraft:grass":15,"minecraft:oak_log":25,"minecraft:coal_ore":11,"minecraft:deepslate_iron_ore":8,"minecraft:sand":1,"minecraft:gravel":29,"minecraft:dirt":22,"twigs:rhyolite":53,"minecraft:stone":442,"excavated_variants:andesite_coal_ore":2,"minecraft:deepslate":456,"immersive_weathering:oak_leaf_pile":3},"minecraft:custom":{"minecraft:mob_kills":4,"minecraft:interact_with_crafting_table":10,"goblintraders:trade_with_goblin":26,"minecraft:leave_game":2,"minecraft:time_since_death":50666,"minecraft:climb_one_cm":142,"minecraft:time_since_rest":50695,"minecraft:sprint_one_cm":88366,"minecraft:damage_taken":469,"minecraft:walk_one_cm":161183,"minecraft:drop":20,"minecraft:damage_dealt":1084,"minecraft:swim_one_cm":1257,"minecraft:fly_one_cm":86398,"minecraft:open_chest":4,"minecraft:crouch_one_cm":2018,"minecraft:play_time":83555,"minecraft:deaths":1,"minecraft:sneak_time":902,"minecraft:walk_under_water_one_cm":7960,"minecraft:jump":963,"minecraft:walk_on_water_one_cm":18303,"minecraft:total_world_time":83555,"minecraft:fall_one_cm":12831},"minecraft:picked_up":{"minecraft:crafting_table":3,"byg:soapstone":34,"minecraft:cooked_beef":3,"minecraft:andesite":2,"minecraft:flint":3,"minecraft:tuff":2,"minecraft:oak_log":26,"minecraft:cobbled_deepslate_stairs":4,"minecraft:lapis_lazuli":21,"minecraft:dirt":18,"minecraft:wheat_seeds":3,"minecraft:cobbled_deepslate":425,"delightful:acorn":2,"twigs:pebble":5,"minecraft:stone_pickaxe":4,"galosphere:raw_silver":6,"twigs:twig":8,"minecraft:stick":1,"minecraft:raw_iron":21,"minecraft:torch":37,"minecraft:gravel":22,"minecraft:diorite":54,"minecraft:granite":19,"minecraft:gray_wool":1,"twigs:rhyolite":46,"minecraft:oak_sapling":10,"minecraft:white_wool":2,"minecraft:coal":14,"minecraft:mutton":5,"minecraft:cobblestone":250},"minecraft:crafted":{"minecraft:oak_planks":24,"minecraft:emerald":2,"minecraft:crafting_table":2,"minecraft:wooden_pickaxe":1,"minecraft:iron_helmet":1,"minecraft:stone_axe":1,"minecraft:iron_boots":1,"minecraft:iron_chestplate":1,"minecraft:stick":20,"minecraft:iron_ingot":48,"minecraft:iron_pickaxe":2,"minecraft:stone_pickaxe":5,"minecraft:cobbled_deepslate_stairs":170,"minecraft:iron_leggings":1,"minecraft:torch":12},"minecraft:killed_by":{"minecraft:zombie":1},"minecraft:killed":{"rottencreatures:undead_miner":1,"minecraft:sheep":3},"minecraft:dropped":{"minecraft:gravel":11,"minecraft:wheat_seeds":3,"minecraft:tuff":2,"minecraft:oak_planks":1,"minecraft:diorite":37,"minecraft:torch":1,"minecraft:oak_sapling":4,"minecraft:stone_pickaxe":2,"twigs:twig":8}},"DataVersion":3120}