{"stats":{"minecraft:broken":{"minecraft:wooden_pickaxe":1,"minecraft:stone_pickaxe":5,"minecraft:iron_axe":1,"minecraft:stone_axe":2,"minecraft:iron_pickaxe":2},"minecraft:used":{"minecraft:rotten_flesh":5,"minecraft:torch":48,"minecraft:dirt":4,"minecraft:mutton":5,"twigs:rhyolite":35,"minecraft:iron_axe":247,"minecraft:light_gray_wool":2,"minecraft:furnace":1,"minecraft:oak_sapling":2,"minecraft:cooked_beef":3,"minecraft:cobbled_deepslate":13,"minecraft:cooked_mutton":2,"minecraft:water_bucket":1,"minecraft:stone_pickaxe":796,"minecraft:wooden_pickaxe":48,"minecraft:golden_apple":1,"minecraft:crafting_table":6,"minecraft:cod":3,"minecraft:cobbled_deepslate_stairs":156,"alexsmobs:flying_fish":1,"minecraft:bread":9,"minecraft:iron_pickaxe":546,"minecraft:gravel":5,"minecraft:stone_axe":146,"ecologics:coconut_slice":4,"minecraft:cobblestone":101,"minecraft:cobbled_deepslate_slab":2,"minecraft:bucket":1,"delightful:acorn":2},"minecraft:mined":{"minecraft:tuff":9,"sculked:deep_earth":1,"minecraft:deepslate_diamond_ore":1,"minecraft:cobbled_deepslate_stairs":7,"minecraft:granite":19,"minecraft:grass_block":4,"minecraft:spawner":1,"minecraft:furnace":1,"excavated_variants:twigs_rhyolite_diamond_ore":1,"minecraft:iron_ore":13,"minecraft:cobbled_deepslate":18,"minecraft:andesite":2,"minecraft:deepslate_lapis_ore":3,"minecraft:deepslate_iron_ore":9,"minecraft:stone":454,"immersive_weathering:oak_leaf_pile":4,"galosphere:deepslate_silver_ore":6,"minecraft:crafting_table":5,"minecraft:torch":4,"minecraft:cobblestone":7,"minecraft:tall_grass":3,"minecraft:deepslate_gold_ore":23,"minecraft:diorite":54,"minecraft:wall_torch":11,"byg:soapstone":34,"upgrade_aquatic:pink_searocket":3,"excavated_variants:tuff_gold_ore":1,"minecraft:light_gray_wool":1,"minecraft:grass":16,"minecraft:coal_ore":11,"minecraft:oak_log":36,"minecraft:dirt":25,"minecraft:gravel":39,"minecraft:sand":1,"twigs:rhyolite":53,"excavated_variants:andesite_coal_ore":2,"minecraft:oak_leaves":2,"minecraft:deepslate":601},"minecraft:custom":{"minecraft:mob_kills":27,"minecraft:interact_with_crafting_table":19,"goblintraders:trade_with_goblin":40,"minecraft:leave_game":3,"minecraft:time_since_death":10847,"minecraft:climb_one_cm":202,"minecraft:sprint_one_cm":267166,"minecraft:walk_one_cm":356036,"minecraft:drop":76,"minecraft:play_time":177675,"minecraft:deaths":3,"minecraft:sneak_time":2273,"minecraft:walk_under_water_one_cm":33751,"minecraft:jump":1998,"minecraft:walk_on_water_one_cm":80025,"minecraft:total_world_time":177675,"minecraft:interact_with_furnace":2,"minecraft:time_since_rest":10879,"minecraft:damage_taken":1715,"minecraft:damage_absorbed":14,"minecraft:damage_dealt":6358,"minecraft:swim_one_cm":23642,"minecraft:fly_one_cm":184930,"minecraft:open_chest":10,"minecraft:crouch_one_cm":3905,"minecraft:fall_one_cm":27012},"minecraft:picked_up":{"minecraft:crafting_table":5,"byg:soapstone":34,"minecraft:string":7,"minecraft:iron_axe":1,"minecraft:cobbled_deepslate":590,"twigs:pebble":15,"delightful:acorn":2,"minecraft:iron_pickaxe":1,"minecraft:light_gray_wool":2,"minecraft:furnace":1,"minecraft:raw_iron":23,"minecraft:stick":4,"ecologics:coconut_slice":4,"minecraft:torch":41,"minecraft:diorite":54,"minecraft:iron_horse_armor":2,"minecraft:rotten_flesh":31,"farmersdelight:rope":12,"minecraft:mutton":6,"minecraft:cod":6,"minecraft:white_wool":2,"alexsmobs:flying_fish":1,"minecraft:cobblestone":269,"minecraft:cooked_beef":3,"minecraft:andesite":2,"minecraft:flint":3,"minecraft:tuff":3,"minecraft:oak_log":37,"minecraft:cobbled_deepslate_stairs":16,"minecraft:lapis_lazuli":21,"minecraft:dirt":21,"minecraft:name_tag":2,"minecraft:cooked_mutton":3,"minecraft:bone":12,"minecraft:wheat_seeds":3,"minecraft:raw_gold":24,"minecraft:iron_ingot":3,"minecraft:stone_pickaxe":4,"galosphere:raw_silver":6,"twigs:twig":8,"minecraft:oak_planks":1,"minecraft:gravel":44,"ecologics:coconut_husk":1,"minecraft:diamond":2,"minecraft:granite":19,"minecraft:gray_wool":1,"minecraft:oak_sapling":13,"twigs:rhyolite":46,"minecraft:coal":16},"minecraft:crafted":{"minecraft:cobbled_deepslate_slab":6,"minecraft:oak_planks":36,"minecraft:furnace":1,"minecraft:cooked_mutton":1,"minecraft:iron_boots":1,"minecraft:iron_axe":2,"minecraft:stone_pickaxe":5,"minecraft:cobbled_deepslate_stairs":170,"minecraft:emerald":4,"minecraft:crafting_table":3,"minecraft:wooden_pickaxe":1,"minecraft:iron_helmet":1,"minecraft:bucket":1,"minecraft:stone_axe":2,"minecraft:iron_chestplate":1,"minecraft:stick":36,"minecraft:iron_ingot":50,"minecraft:iron_pickaxe":3,"minecraft:iron_leggings":1,"minecraft:gold_ingot":33,"minecraft:torch":44},"minecraft:killed_by":{"minecraft:creeper":1,"alexsmobs:murmur_head":1,"minecraft:zombie":1},"minecraft:killed":{"minecraft:cod":6,"minecraft:skeleton":1,"alexsmobs:flying_fish":1,"rottencreatures:undead_miner":2,"minecraft:sheep":4,"minecraft:zombie":13},"minecraft:dropped":{"minecraft:wheat_seeds":3,"minecraft:cobbled_deepslate_stairs":32,"minecraft:crafting_table":1,"minecraft:cobblestone":6,"minecraft:iron_horse_armor":1,"minecraft:cobweb":1,"minecraft:dirt":2,"minecraft:diorite":37,"minecraft:torch":1,"minecraft:iron_pickaxe":1,"twigs:twig":8,"minecraft:gravel":11,"minecraft:cobbled_deepslate":70,"minecraft:tuff":3,"minecraft:raw_iron":1,"minecraft:oak_planks":2,"ecologics:coconut_husk":1,"minecraft:oak_sapling":8,"minecraft:stone_pickaxe":2}},"DataVersion":3120}