{"stats":{"minecraft:broken":{"minecraft:stone_pickaxe":5,"minecraft:stone_axe":2,"minecraft:iron_pickaxe":1,"minecraft:wooden_pickaxe":1},"minecraft:used":{"minecraft:water_bucket":1,"minecraft:stone_pickaxe":796,"minecraft:wooden_pickaxe":48,"minecraft:rotten_flesh":5,"minecraft:torch":32,"minecraft:dirt":2,"minecraft:mutton":5,"minecraft:crafting_table":5,"twigs:rhyolite":35,"minecraft:cobbled_deepslate_stairs":151,"minecraft:iron_axe":22,"minecraft:bread":5,"minecraft:iron_pickaxe":426,"minecraft:stone_axe":146,"minecraft:cobblestone":101,"minecraft:cobbled_deepslate_slab":2,"minecraft:bucket":1,"minecraft:cooked_beef":3,"minecraft:cobbled_deepslate":12,"delightful:acorn":2},"minecraft:mined":{"minecraft:tuff":6,"sculked:deep_earth":1,"minecraft:cobbled_deepslate_stairs":7,"galosphere:deepslate_silver_ore":6,"minecraft:crafting_table":4,"minecraft:torch":4,"minecraft:granite":19,"minecraft:grass_block":4,"minecraft:tall_grass":3,"minecraft:cobblestone":7,"minecraft:deepslate_gold_ore":11,"minecraft:diorite":54,"minecraft:wall_torch":11,"byg:soapstone":34,"minecraft:iron_ore":13,"minecraft:cobbled_deepslate":18,"minecraft:andesite":2,"minecraft:deepslate_lapis_ore":3,"minecraft:grass":15,"minecraft:oak_log":25,"minecraft:coal_ore":11,"minecraft:deepslate_iron_ore":8,"minecraft:sand":1,"minecraft:gravel":29,"minecraft:dirt":23,"twigs:rhyolite":53,"minecraft:stone":454,"excavated_variants:andesite_coal_ore":2,"minecraft:deepslate":506,"immersive_weathering:oak_leaf_pile":3},"minecraft:custom":{"minecraft:mob_kills":11,"minecraft:interact_with_crafting_table":16,"goblintraders:trade_with_goblin":26,"minecraft:leave_game":2,"minecraft:time_since_death":74666,"minecraft:climb_one_cm":142,"minecraft:time_since_rest":74695,"minecraft:sprint_one_cm":130430,"minecraft:damage_taken":792,"minecraft:walk_one_cm":218073,"minecraft:drop":22,"minecraft:damage_dealt":3106,"minecraft:swim_one_cm":1257,"minecraft:fly_one_cm":95355,"minecraft:open_chest":6,"minecraft:crouch_one_cm":3613,"minecraft:play_time":107555,"minecraft:deaths":1,"minecraft:sneak_time":1440,"minecraft:walk_under_water_one_cm":12128,"minecraft:jump":1192,"minecraft:walk_on_water_one_cm":53315,"minecraft:total_world_time":107555,"minecraft:fall_one_cm":14192},"minecraft:picked_up":{"minecraft:crafting_table":3,"byg:soapstone":34,"minecraft:cooked_beef":3,"minecraft:andesite":2,"minecraft:flint":3,"minecraft:tuff":2,"minecraft:oak_log":26,"minecraft:cobbled_deepslate_stairs":7,"minecraft:lapis_lazuli":21,"minecraft:dirt":19,"minecraft:wheat_seeds":3,"minecraft:cobbled_deepslate":486,"minecraft:raw_gold":11,"delightful:acorn":2,"twigs:pebble":5,"minecraft:stone_pickaxe":4,"galosphere:raw_silver":6,"twigs:twig":8,"minecraft:stick":1,"minecraft:raw_iron":21,"minecraft:torch":40,"minecraft:gravel":22,"minecraft:diorite":54,"minecraft:rotten_flesh":5,"minecraft:granite":19,"minecraft:gray_wool":1,"twigs:rhyolite":46,"minecraft:oak_sapling":10,"minecraft:white_wool":2,"minecraft:coal":15,"minecraft:mutton":5,"minecraft:cobblestone":268},"minecraft:crafted":{"minecraft:cobbled_deepslate_slab":6,"minecraft:oak_planks":28,"minecraft:emerald":2,"minecraft:crafting_table":2,"minecraft:wooden_pickaxe":1,"minecraft:iron_helmet":1,"minecraft:bucket":1,"minecraft:stone_axe":2,"minecraft:iron_boots":1,"minecraft:iron_chestplate":1,"minecraft:iron_axe":1,"minecraft:stick":24,"minecraft:iron_ingot":48,"minecraft:iron_pickaxe":3,"minecraft:stone_pickaxe":5,"minecraft:cobbled_deepslate_stairs":170,"minecraft:iron_leggings":1,"minecraft:torch":12},"minecraft:killed_by":{"minecraft:zombie":1},"minecraft:killed":{"rottencreatures:undead_miner":1,"minecraft:skeleton":1,"minecraft:sheep":3,"minecraft:zombie":6},"minecraft:dropped":{"minecraft:gravel":11,"minecraft:wheat_seeds":3,"minecraft:tuff":2,"minecraft:oak_planks":1,"minecraft:cobweb":1,"minecraft:diorite":37,"minecraft:torch":1,"minecraft:oak_sapling":7,"minecraft:stone_pickaxe":2,"twigs:twig":8}},"DataVersion":3120}