{"stats":{"minecraft:broken":{"minecraft:iron_boots":1,"minecraft:chainmail_helmet":1,"minecraft:wooden_pickaxe":1,"minecraft:stone_pickaxe":5,"minecraft:iron_axe":2,"minecraft:stone_axe":2,"minecraft:iron_pickaxe":3},"minecraft:used":{"minecraft:oak_fence":1,"environmental:cooked_venison":2,"minecraft:wooden_shovel":1,"minecraft:cooked_salmon":3,"minecraft:rotten_flesh":76,"minecraft:torch":84,"minecraft:dirt":4,"minecraft:anvil":1,"minecraft:mutton":5,"twigs:rhyolite":35,"farmersdelight:rope":2,"minecraft:iron_axe":525,"minecraft:light_gray_wool":3,"minecraft:furnace":1,"minecraft:oak_sapling":2,"minecraft:cooked_beef":3,"minecraft:cobbled_deepslate":131,"minecraft:enchanted_golden_apple":1,"minecraft:cooked_mutton":4,"minecraft:water_bucket":2,"minecraft:stone_pickaxe":796,"minecraft:oak_planks":41,"minecraft:wooden_pickaxe":48,"minecraft:golden_apple":2,"minecraft:crafting_table":7,"minecraft:white_bed":1,"minecraft:cod":6,"decorative_blocks:chandelier":1,"minecraft:cobbled_deepslate_stairs":156,"alexsmobs:flying_fish":1,"minecraft:diamond_pickaxe":19,"minecraft:bread":31,"minecraft:iron_pickaxe":729,"byg:soapstone":37,"minecraft:gravel":5,"minecraft:stone_axe":146,"ecologics:coconut_slice":4,"minecraft:fishing_rod":36,"minecraft:cobblestone":110,"minecraft:cobbled_deepslate_slab":2,"minecraft:andesite":6,"minecraft:bucket":3,"minecraft:oak_boat":2,"delightful:acorn":2},"minecraft:mined":{"minecraft:tuff":10,"sculked:deep_earth":1,"excavated_variants:tuff_lapis_ore":2,"minecraft:deepslate_diamond_ore":3,"minecraft:cobbled_deepslate_stairs":7,"minecraft:obsidian":16,"minecraft:granite":34,"minecraft:grass_block":12,"excavated_variants:dripstone_iron_ore":1,"minecraft:rooted_dirt":4,"minecraft:spawner":4,"excavated_variants:twigs_rhyolite_diamond_ore":2,"minecraft:furnace":1,"minecraft:iron_ore":23,"minecraft:cobbled_deepslate":23,"byg:prairie_grass":3,"minecraft:andesite":15,"minecraft:deepslate_lapis_ore":4,"excavated_variants:tuff_iron_ore":6,"minecraft:pointed_dripstone":9,"minecraft:deepslate_iron_ore":15,"minecraft:stone":465,"byg:white_puffball":1,"immersive_weathering:oak_leaf_pile":6,"minecraft:podzol":4,"galosphere:deepslate_silver_ore":6,"minecraft:crafting_table":5,"minecraft:torch":4,"immersive_weathering:rooted_grass_block":2,"twigs:petrified_lichen":1,"minecraft:tall_grass":16,"minecraft:cobblestone":7,"minecraft:deepslate_gold_ore":29,"minecraft:oak_planks":3,"minecraft:diorite":54,"minecraft:wall_torch":11,"byg:soapstone":35,"upgrade_aquatic:pink_searocket":3,"excavated_variants:tuff_gold_ore":1,"minecraft:light_gray_wool":2,"minecraft:stone_brick_stairs":1,"minecraft:grass":25,"minecraft:oak_log":36,"minecraft:coal_ore":11,"minecraft:dripstone_block":1,"minecraft:gravel":39,"minecraft:sand":1,"minecraft:dirt":25,"twigs:rhyolite":54,"minecraft:stone_bricks":2,"excavated_variants:andesite_coal_ore":2,"minecraft:oak_leaves":2,"minecraft:fern":1,"minecraft:deepslate":627},"minecraft:custom":{"minecraft:interact_with_anvil":1,"minecraft:mob_kills":49,"minecraft:interact_with_crafting_table":30,"goblintraders:trade_with_goblin":63,"minecraft:damage_dealt_resisted":147,"minecraft:leave_game":4,"minecraft:time_since_death":19764,"minecraft:climb_one_cm":588,"minecraft:damage_resisted":74,"minecraft:sprint_one_cm":683033,"minecraft:walk_one_cm":760865,"minecraft:drop":125,"minecraft:play_time":331333,"minecraft:deaths":4,"minecraft:sneak_time":5651,"minecraft:walk_under_water_one_cm":63589,"minecraft:boat_one_cm":1689,"minecraft:jump":4490,"minecraft:walk_on_water_one_cm":125669,"minecraft:total_world_time":331333,"minecraft:interact_with_furnace":2,"minecraft:sleep_in_bed":2,"minecraft:time_since_rest":19809,"minecraft:damage_taken":4498,"minecraft:damage_absorbed":213,"minecraft:damage_dealt":11576,"minecraft:swim_one_cm":63795,"minecraft:fly_one_cm":526345,"minecraft:open_chest":37,"minecraft:crouch_one_cm":12064,"minecraft:fish_caught":1,"minecraft:fall_one_cm":86177,"minecraft:horse_one_cm":4787},"minecraft:picked_up":{"minecraft:crafting_table":5,"byg:soapstone":37,"minecraft:lead":1,"minecraft:stone_brick_stairs":1,"environmental:thief_hood":1,"minecraft:string":9,"minecraft:cooked_salmon":3,"spirit:broken_spawner":4,"minecraft:iron_axe":1,"minecraft:pufferfish":1,"minecraft:cobbled_deepslate":605,"minecraft:bucket":2,"delightful:acorn":2,"twigs:pebble":15,"minecraft:oak_boat":2,"minecraft:iron_pickaxe":2,"minecraft:light_gray_wool":3,"minecraft:furnace":1,"minecraft:stick":5,"minecraft:raw_iron":45,"ecologics:coconut_slice":4,"minecraft:torch":50,"minecraft:diorite":54,"minecraft:iron_horse_armor":3,"minecraft:arrow":5,"minecraft:rotten_flesh":45,"environmental:cooked_venison":3,"farmersdelight:rope":12,"minecraft:saddle":1,"minecraft:obsidian":16,"minecraft:mutton":6,"alexsmobs:flying_fish":1,"minecraft:cod":7,"minecraft:white_wool":2,"minecraft:cobblestone":279,"decorative_blocks:chandelier":1,"minecraft:cooked_beef":3,"minecraft:andesite":17,"minecraft:flint":3,"minecraft:tuff":5,"minecraft:oak_log":37,"minecraft:cobbled_deepslate_stairs":16,"minecraft:lapis_lazuli":38,"minecraft:dirt":39,"minecraft:name_tag":2,"minecraft:cooked_mutton":5,"minecraft:bone":19,"minecraft:stone_bricks":2,"minecraft:wheat_seeds":5,"minecraft:raw_gold":29,"minecraft:stone_pickaxe":4,"minecraft:iron_ingot":3,"galosphere:raw_silver":6,"twigs:twig":9,"minecraft:oak_planks":196,"minecraft:dripstone_block":1,"minecraft:gravel":44,"ecologics:coconut_husk":1,"minecraft:white_bed":1,"immersive_weathering:stone_brick":1,"minecraft:diamond":6,"minecraft:granite":30,"minecraft:gray_wool":1,"minecraft:chainmail_helmet":1,"minecraft:bread":22,"minecraft:rooted_dirt":6,"twigs:rhyolite":46,"minecraft:oak_sapling":13,"minecraft:black_wool":1,"minecraft:coal":17},"minecraft:crafted":{"minecraft:cobbled_deepslate_slab":6,"minecraft:oak_planks":68,"minecraft:fishing_rod":1,"minecraft:furnace":1,"minecraft:cooked_mutton":1,"minecraft:iron_boots":1,"minecraft:iron_axe":4,"minecraft:stone_pickaxe":5,"minecraft:cobbled_deepslate_stairs":170,"minecraft:oak_fence":3,"minecraft:wooden_shovel":1,"minecraft:emerald":4,"minecraft:crafting_table":3,"minecraft:wooden_pickaxe":1,"minecraft:iron_helmet":1,"minecraft:bucket":1,"minecraft:stone_axe":2,"minecraft:oak_boat":1,"minecraft:iron_chestplate":1,"minecraft:diamond_pickaxe":1,"minecraft:stick":44,"minecraft:iron_ingot":96,"minecraft:iron_pickaxe":3,"minecraft:iron_block":3,"minecraft:gold_ingot":33,"minecraft:iron_leggings":1,"minecraft:anvil":1,"minecraft:torch":44},"minecraft:killed_by":{"minecraft:creeper":1,"alexsmobs:murmur_head":1,"minecraft:zombie":2},"minecraft:killed":{"minecraft:spider":3,"minecraft:cod":6,"minecraft:zombie_horse":1,"minecraft:skeleton":10,"rottencreatures:zap":1,"alexsmobs:flying_fish":1,"rottencreatures:undead_miner":3,"minecraft:sheep":4,"minecraft:zombie":21},"minecraft:dropped":{"minecraft:wheat_seeds":5,"minecraft:cobbled_deepslate_stairs":32,"minecraft:crafting_table":1,"minecraft:cobblestone":6,"minecraft:iron_horse_armor":2,"minecraft:saddle":1,"minecraft:pufferfish":1,"minecraft:cobweb":1,"minecraft:dirt":2,"minecraft:diorite":37,"minecraft:torch":1,"minecraft:iron_axe":2,"minecraft:iron_pickaxe":1,"minecraft:bucket":2,"twigs:twig":9,"minecraft:gravel":11,"spirit:broken_spawner":4,"minecraft:cobbled_deepslate":93,"minecraft:tuff":5,"minecraft:raw_iron":1,"minecraft:rotten_flesh":1,"minecraft:oak_planks":2,"minecraft:andesite":9,"ecologics:coconut_husk":1,"minecraft:oak_sapling":8,"minecraft:arrow":3,"minecraft:stone_pickaxe":2,"minecraft:black_wool":1}},"DataVersion":3120}