{"stats":{"minecraft:broken":{"minecraft:iron_boots":1,"minecraft:iron_chestplate":1,"minecraft:iron_leggings":1,"minecraft:chainmail_helmet":1,"minecraft:wooden_pickaxe":1,"minecraft:stone_pickaxe":5,"minecraft:iron_axe":2,"minecraft:stone_axe":2,"minecraft:iron_pickaxe":5,"environmental:thief_hood":1},"minecraft:used":{"minecraft:oak_fence":1,"environmental:cooked_venison":3,"minecraft:iron_sword":11,"minecraft:cooked_chicken":24,"minecraft:wooden_shovel":1,"minecraft:cooked_salmon":3,"minecraft:rotten_flesh":77,"minecraft:torch":89,"minecraft:dirt":4,"minecraft:mutton":5,"minecraft:anvil":1,"twigs:rhyolite":35,"spirit:broken_spawner":1,"farmersdelight:rope":2,"minecraft:iron_axe":572,"minecraft:light_gray_wool":3,"minecraft:oak_sapling":2,"minecraft:furnace":1,"minecraft:cooked_beef":3,"minecraft:enchanted_golden_apple":2,"minecraft:cobbled_deepslate":131,"minecraft:cooked_mutton":6,"minecraft:water_bucket":2,"minecraft:stone_pickaxe":796,"minecraft:oak_planks":77,"minecraft:wooden_pickaxe":48,"minecraft:golden_apple":5,"minecraft:crafting_table":7,"minecraft:white_bed":1,"minecraft:cod":6,"decorative_blocks:chandelier":1,"minecraft:cobbled_deepslate_stairs":156,"alexsmobs:flying_fish":1,"minecraft:cornflower":1,"minecraft:diamond_pickaxe":19,"minecraft:bread":31,"minecraft:iron_pickaxe":1023,"byg:soapstone":37,"minecraft:gravel":5,"ecologics:coconut_slice":4,"minecraft:stone_axe":146,"vinery:cherry_wine":7,"minecraft:fishing_rod":36,"minecraft:cobbled_deepslate_slab":2,"minecraft:cobblestone":111,"minecraft:andesite":6,"minecraft:bucket":3,"minecraft:oak_boat":3,"delightful:acorn":2},"minecraft:mined":{"minecraft:tuff":19,"sculked:deep_earth":1,"excavated_variants:tuff_lapis_ore":2,"minecraft:mossy_stone_brick_slab":2,"minecraft:deepslate_diamond_ore":3,"minecraft:cobbled_deepslate_stairs":7,"minecraft:brewing_stand":1,"minecraft:obsidian":16,"minecraft:granite":34,"minecraft:grass_block":14,"excavated_variants:dripstone_iron_ore":1,"minecraft:chiseled_stone_bricks":1,"minecraft:rooted_dirt":4,"minecraft:spawner":4,"excavated_variants:twigs_rhyolite_diamond_ore":2,"minecraft:furnace":1,"minecraft:fire":1,"minecraft:iron_ore":24,"minecraft:cobbled_deepslate":23,"byg:prairie_grass":3,"minecraft:andesite":15,"minecraft:deepslate_lapis_ore":5,"minecraft:enchanting_table":1,"excavated_variants:tuff_iron_ore":6,"minecraft:pointed_dripstone":9,"minecraft:vine":4,"minecraft:deepslate_iron_ore":22,"minecraft:iron_bars":1,"minecraft:stone":469,"byg:white_puffball":1,"immersive_weathering:oak_leaf_pile":6,"minecraft:podzol":4,"galosphere:deepslate_silver_ore":6,"minecraft:dandelion":1,"minecraft:cornflower":2,"minecraft:crafting_table":5,"minecraft:torch":5,"immersive_weathering:rooted_grass_block":2,"minecraft:campfire":1,"twigs:petrified_lichen":3,"minecraft:tall_grass":20,"minecraft:cobblestone":11,"minecraft:deepslate_gold_ore":29,"minecraft:oak_planks":9,"minecraft:diorite":54,"minecraft:wall_torch":11,"byg:soapstone":48,"upgrade_aquatic:pink_searocket":3,"excavated_variants:tuff_gold_ore":1,"minecraft:gray_bed":1,"minecraft:light_gray_wool":2,"minecraft:stone_brick_stairs":2,"minecraft:grass":70,"minecraft:oak_log":36,"minecraft:coal_ore":11,"minecraft:zombie_head":1,"minecraft:dripstone_block":1,"minecraft:gravel":42,"minecraft:sand":1,"minecraft:dirt":27,"minecraft:cobweb":3,"minecraft:cracked_stone_bricks":6,"twigs:rhyolite":54,"minecraft:stone_bricks":25,"minecraft:mossy_stone_bricks":6,"excavated_variants:andesite_coal_ore":2,"minecraft:oak_leaves":2,"minecraft:deepslate":661,"minecraft:fern":1},"minecraft:custom":{"minecraft:interact_with_anvil":1,"minecraft:mob_kills":61,"minecraft:open_barrel":3,"minecraft:interact_with_crafting_table":33,"goblintraders:trade_with_goblin":72,"minecraft:damage_dealt_resisted":147,"minecraft:leave_game":5,"minecraft:time_since_death":6081,"minecraft:climb_one_cm":2956,"minecraft:damage_resisted":97,"minecraft:sprint_one_cm":876851,"minecraft:walk_one_cm":980205,"minecraft:drop":155,"minecraft:play_time":399160,"minecraft:deaths":9,"minecraft:sneak_time":6037,"minecraft:walk_under_water_one_cm":66484,"minecraft:boat_one_cm":202303,"minecraft:jump":5177,"minecraft:walk_on_water_one_cm":135353,"minecraft:total_world_time":399160,"minecraft:interact_with_furnace":2,"minecraft:sleep_in_bed":2,"minecraft:time_since_rest":6661,"minecraft:damage_taken":8522,"minecraft:damage_absorbed":415,"minecraft:damage_dealt":14144,"minecraft:player_kills":1,"minecraft:swim_one_cm":67521,"minecraft:fly_one_cm":582410,"minecraft:open_chest":50,"minecraft:crouch_one_cm":13574,"minecraft:fish_caught":1,"minecraft:fall_one_cm":108961,"minecraft:horse_one_cm":8719},"minecraft:picked_up":{"minecraft:crafting_table":5,"twigs:petrified_lichen":2,"byg:soapstone":48,"minecraft:lead":2,"minecraft:gold_block":1,"immersive_weathering:deepslate_brick":1,"minecraft:stone_brick_stairs":5,"minecraft:brewing_stand":1,"minecraft:cornflower":2,"environmental:thief_hood":1,"minecraft:string":20,"minecraft:iron_axe":2,"minecraft:cooked_salmon":3,"spirit:broken_spawner":6,"minecraft:pufferfish":1,"minecraft:zombie_head":1,"minecraft:cracked_stone_bricks":5,"minecraft:cobbled_deepslate":664,"minecraft:bucket":2,"twigs:pebble":15,"delightful:acorn":2,"minecraft:oak_boat":2,"minecraft:iron_pickaxe":2,"minecraft:light_gray_wool":3,"minecraft:furnace":1,"minecraft:stick":5,"minecraft:raw_iron":53,"ecologics:coconut_slice":4,"minecraft:torch":50,"minecraft:diorite":54,"minecraft:iron_horse_armor":3,"minecraft:arrow":14,"minecraft:rotten_flesh":48,"farmersdelight:rope":12,"environmental:cooked_venison":3,"minecraft:saddle":1,"minecraft:obsidian":16,"minecraft:mutton":6,"alexsmobs:flying_fish":1,"minecraft:cod":7,"minecraft:white_wool":2,"minecraft:cobblestone":281,"minecraft:enchanting_table":2,"decorative_blocks:chandelier":1,"minecraft:cooked_beef":3,"minecraft:andesite":17,"minecraft:flint":3,"minecraft:tuff":5,"minecraft:oak_log":37,"minecraft:cobbled_deepslate_stairs":16,"minecraft:lapis_lazuli":43,"minecraft:dirt":39,"minecraft:name_tag":2,"minecraft:cooked_mutton":5,"minecraft:bone":27,"minecraft:stone_bricks":18,"minecraft:wheat_seeds":6,"minecraft:raw_gold":29,"minecraft:cooked_chicken":28,"minecraft:iron_ingot":3,"minecraft:stone_pickaxe":4,"minecraft:mossy_stone_bricks":1,"galosphere:raw_silver":6,"twigs:twig":9,"minecraft:oak_planks":203,"vinery:cherry_wine":2,"minecraft:dandelion":1,"minecraft:dripstone_block":1,"minecraft:gravel":45,"ecologics:coconut_husk":1,"minecraft:white_bed":1,"minecraft:spider_eye":7,"immersive_weathering:stone_brick":2,"galosphere:silver_nugget":2,"minecraft:diamond":6,"minecraft:granite":34,"minecraft:gray_wool":1,"minecraft:bread":22,"minecraft:chainmail_helmet":1,"minecraft:rooted_dirt":6,"twigs:rhyolite":46,"minecraft:oak_sapling":13,"minecraft:black_wool":1,"minecraft:coal":17},"minecraft:crafted":{"minecraft:cobbled_deepslate_slab":6,"minecraft:oak_planks":68,"minecraft:fishing_rod":1,"minecraft:furnace":1,"minecraft:cooked_mutton":1,"minecraft:iron_boots":2,"minecraft:iron_axe":4,"minecraft:stone_pickaxe":5,"minecraft:cobbled_deepslate_stairs":170,"minecraft:oak_fence":3,"minecraft:wooden_shovel":1,"minecraft:emerald":4,"minecraft:crafting_table":3,"minecraft:wooden_pickaxe":1,"minecraft:iron_helmet":1,"minecraft:bucket":1,"minecraft:stone_axe":2,"minecraft:oak_boat":1,"minecraft:iron_chestplate":2,"minecraft:diamond_pickaxe":1,"minecraft:stick":48,"minecraft:iron_ingot":114,"minecraft:iron_pickaxe":4,"minecraft:iron_block":3,"minecraft:iron_leggings":2,"minecraft:gold_ingot":33,"minecraft:anvil":1,"minecraft:torch":44},"minecraft:killed_by":{"minecraft:player":2,"minecraft:creeper":1,"alexsmobs:murmur_head":1,"minecraft:vindicator":1,"minecraft:cave_spider":1,"minecraft:zombie":2},"minecraft:killed":{"savage_and_ravage:skeleton_villager":1,"minecraft:cave_spider":7,"minecraft:spider":4,"minecraft:cod":6,"minecraft:zombie_horse":1,"minecraft:skeleton":11,"rottencreatures:zap":1,"alexsmobs:flying_fish":1,"rottencreatures:undead_miner":3,"minecraft:sheep":4,"minecraft:pillager":3,"minecraft:zombie":22},"minecraft:dropped":{"minecraft:iron_sword":1,"environmental:thief_hood":1,"minecraft:wheat_seeds":6,"minecraft:cobbled_deepslate_stairs":32,"minecraft:crafting_table":1,"minecraft:lead":1,"minecraft:cobblestone":7,"minecraft:rooted_dirt":6,"minecraft:granite":15,"minecraft:iron_horse_armor":2,"minecraft:saddle":1,"minecraft:gold_block":1,"minecraft:pufferfish":1,"minecraft:cobweb":1,"minecraft:dirt":2,"minecraft:diorite":37,"minecraft:torch":1,"minecraft:cornflower":1,"minecraft:zombie_head":1,"immersive_weathering:deepslate_brick":1,"minecraft:iron_axe":2,"minecraft:iron_pickaxe":1,"minecraft:string":1,"minecraft:dandelion":1,"minecraft:bucket":2,"twigs:twig":9,"minecraft:gravel":12,"twigs:petrified_lichen":2,"spirit:broken_spawner":5,"minecraft:cobbled_deepslate":93,"minecraft:tuff":5,"minecraft:raw_iron":1,"vinery:wine_bottle":2,"minecraft:rotten_flesh":1,"minecraft:oak_planks":2,"minecraft:mossy_stone_bricks":1,"minecraft:andesite":9,"minecraft:wooden_shovel":1,"ecologics:coconut_husk":1,"minecraft:oak_sapling":8,"minecraft:spider_eye":3,"minecraft:arrow":3,"minecraft:stone_pickaxe":2,"minecraft:stone_brick_stairs":2,"minecraft:enchanting_table":1,"minecraft:black_wool":1}},"DataVersion":3120}