{"stats":{"minecraft:used":{"minecraft:stone_pickaxe":364,"minecraft:wooden_pickaxe":48,"minecraft:torch":3,"minecraft:dirt":1,"minecraft:mutton":5,"minecraft:crafting_table":4,"minecraft:stone_axe":45,"minecraft:cobblestone":25,"minecraft:cooked_beef":3,"minecraft:cobbled_deepslate":10,"delightful:acorn":2},"minecraft:custom":{"minecraft:mob_kills":4,"minecraft:interact_with_crafting_table":7,"goblintraders:trade_with_goblin":15,"minecraft:leave_game":2,"minecraft:time_since_death":12732,"minecraft:climb_one_cm":142,"minecraft:time_since_rest":12761,"minecraft:sprint_one_cm":57820,"minecraft:damage_taken":469,"minecraft:walk_one_cm":103723,"minecraft:drop":1,"minecraft:damage_dealt":1084,"minecraft:fly_one_cm":67162,"minecraft:open_chest":4,"minecraft:crouch_one_cm":1942,"minecraft:play_time":45621,"minecraft:deaths":1,"minecraft:sneak_time":804,"minecraft:walk_under_water_one_cm":1776,"minecraft:jump":534,"minecraft:walk_on_water_one_cm":6920,"minecraft:total_world_time":45621,"minecraft:fall_one_cm":9781},"minecraft:killed":{"rottencreatures:undead_miner":1,"minecraft:sheep":3},"minecraft:broken":{"minecraft:stone_pickaxe":2,"minecraft:wooden_pickaxe":1},"minecraft:killed_by":{"minecraft:zombie":1},"minecraft:crafted":{"minecraft:oak_planks":16,"minecraft:emerald":2,"minecraft:crafting_table":1,"minecraft:wooden_pickaxe":1,"minecraft:iron_helmet":1,"minecraft:stone_axe":1,"minecraft:iron_boots":1,"minecraft:iron_chestplate":1,"minecraft:stick":16,"minecraft:iron_ingot":26,"minecraft:stone_pickaxe":5,"minecraft:iron_leggings":1,"minecraft:torch":12},"minecraft:picked_up":{"minecraft:crafting_table":3,"byg:soapstone":20,"minecraft:cooked_beef":3,"minecraft:andesite":2,"minecraft:flint":1,"minecraft:oak_log":7,"minecraft:lapis_lazuli":21,"minecraft:dirt":16,"minecraft:wheat_seeds":1,"minecraft:cobbled_deepslate":162,"delightful:acorn":2,"twigs:pebble":5,"minecraft:stone_pickaxe":3,"twigs:twig":3,"minecraft:stick":1,"minecraft:raw_iron":13,"minecraft:torch":21,"minecraft:gravel":11,"minecraft:diorite":17,"minecraft:granite":19,"minecraft:gray_wool":1,"minecraft:oak_sapling":3,"twigs:rhyolite":11,"minecraft:white_wool":2,"minecraft:mutton":5,"minecraft:coal":8,"minecraft:cobblestone":112},"minecraft:mined":{"minecraft:crafting_table":4,"minecraft:granite":19,"minecraft:grass_block":4,"minecraft:cobblestone":2,"minecraft:tall_grass":3,"minecraft:diorite":17,"minecraft:wall_torch":1,"byg:soapstone":20,"minecraft:iron_ore":13,"minecraft:andesite":2,"minecraft:deepslate_lapis_ore":3,"minecraft:grass":14,"minecraft:oak_log":6,"minecraft:coal_ore":5,"minecraft:gravel":12,"minecraft:dirt":12,"twigs:rhyolite":11,"minecraft:stone":109,"excavated_variants:andesite_coal_ore":2,"minecraft:deepslate":163,"immersive_weathering:oak_leaf_pile":3},"minecraft:dropped":{"minecraft:stone_pickaxe":1}},"DataVersion":3120}