{"stats":{"minecraft:broken":{"minecraft:stone_pickaxe":5,"minecraft:wooden_pickaxe":1},"minecraft:used":{"minecraft:stone_pickaxe":796,"minecraft:wooden_pickaxe":48,"minecraft:torch":18,"minecraft:dirt":1,"minecraft:mutton":5,"minecraft:crafting_table":5,"minecraft:cobbled_deepslate_stairs":87,"minecraft:iron_pickaxe":78,"minecraft:stone_axe":45,"minecraft:cobblestone":25,"minecraft:cooked_beef":3,"minecraft:cobbled_deepslate":12,"delightful:acorn":2},"minecraft:mined":{"minecraft:tuff":3,"minecraft:cobbled_deepslate_stairs":3,"galosphere:deepslate_silver_ore":6,"minecraft:crafting_table":4,"minecraft:torch":1,"minecraft:granite":19,"minecraft:grass_block":4,"minecraft:tall_grass":3,"minecraft:cobblestone":2,"minecraft:diorite":47,"minecraft:wall_torch":9,"byg:soapstone":28,"minecraft:iron_ore":13,"minecraft:cobbled_deepslate":7,"minecraft:andesite":2,"minecraft:deepslate_lapis_ore":3,"minecraft:grass":14,"minecraft:oak_log":6,"minecraft:coal_ore":5,"minecraft:deepslate_iron_ore":8,"minecraft:gravel":25,"minecraft:dirt":12,"twigs:rhyolite":50,"minecraft:stone":224,"excavated_variants:andesite_coal_ore":2,"minecraft:deepslate":454,"immersive_weathering:oak_leaf_pile":3},"minecraft:custom":{"minecraft:mob_kills":4,"minecraft:interact_with_crafting_table":8,"goblintraders:trade_with_goblin":26,"minecraft:leave_game":2,"minecraft:time_since_death":38666,"minecraft:climb_one_cm":142,"minecraft:time_since_rest":38695,"minecraft:sprint_one_cm":73079,"minecraft:damage_taken":469,"minecraft:walk_one_cm":149056,"minecraft:drop":10,"minecraft:damage_dealt":1084,"minecraft:fly_one_cm":68446,"minecraft:open_chest":4,"minecraft:crouch_one_cm":2018,"minecraft:play_time":71555,"minecraft:deaths":1,"minecraft:sneak_time":833,"minecraft:walk_under_water_one_cm":1776,"minecraft:jump":757,"minecraft:walk_on_water_one_cm":6920,"minecraft:total_world_time":71555,"minecraft:fall_one_cm":10472},"minecraft:picked_up":{"minecraft:crafting_table":3,"byg:soapstone":28,"minecraft:cooked_beef":3,"minecraft:andesite":2,"minecraft:flint":2,"minecraft:tuff":2,"minecraft:oak_log":7,"minecraft:cobbled_deepslate_stairs":3,"minecraft:lapis_lazuli":21,"minecraft:dirt":16,"minecraft:wheat_seeds":2,"minecraft:cobbled_deepslate":423,"delightful:acorn":2,"twigs:pebble":5,"minecraft:stone_pickaxe":4,"galosphere:raw_silver":6,"twigs:twig":6,"minecraft:stick":1,"minecraft:raw_iron":21,"minecraft:torch":31,"minecraft:gravel":22,"minecraft:diorite":47,"minecraft:granite":19,"minecraft:gray_wool":1,"twigs:rhyolite":43,"minecraft:oak_sapling":3,"minecraft:white_wool":2,"minecraft:coal":8,"minecraft:mutton":5,"minecraft:cobblestone":165},"minecraft:crafted":{"minecraft:oak_planks":20,"minecraft:emerald":2,"minecraft:crafting_table":2,"minecraft:wooden_pickaxe":1,"minecraft:iron_helmet":1,"minecraft:stone_axe":1,"minecraft:iron_boots":1,"minecraft:iron_chestplate":1,"minecraft:stick":16,"minecraft:iron_ingot":48,"minecraft:iron_pickaxe":1,"minecraft:stone_pickaxe":5,"minecraft:cobbled_deepslate_stairs":94,"minecraft:iron_leggings":1,"minecraft:torch":12},"minecraft:killed_by":{"minecraft:zombie":1},"minecraft:killed":{"rottencreatures:undead_miner":1,"minecraft:sheep":3},"minecraft:dropped":{"minecraft:gravel":11,"minecraft:wheat_seeds":2,"minecraft:oak_planks":1,"minecraft:stone_pickaxe":2,"twigs:twig":6}},"DataVersion":3120}