{"stats":{"minecraft:used":{"minecraft:stone_pickaxe":155,"minecraft:wooden_pickaxe":40,"minecraft:torch":1,"minecraft:mutton":2,"minecraft:crafting_table":2,"delightful:acorn":2},"minecraft:custom":{"minecraft:time_since_rest":12467,"minecraft:sprint_one_cm":8675,"minecraft:damage_taken":60,"minecraft:walk_one_cm":16114,"minecraft:mob_kills":3,"minecraft:damage_dealt":247,"minecraft:interact_with_crafting_table":3,"minecraft:fly_one_cm":15469,"minecraft:play_time":12467,"minecraft:walk_under_water_one_cm":156,"minecraft:jump":90,"minecraft:leave_game":1,"minecraft:walk_on_water_one_cm":638,"minecraft:time_since_death":12467,"minecraft:total_world_time":12467,"minecraft:fall_one_cm":2349},"minecraft:killed":{"minecraft:sheep":3},"minecraft:broken":{"minecraft:stone_pickaxe":1},"minecraft:crafted":{"minecraft:oak_planks":12,"minecraft:crafting_table":1,"minecraft:stick":8,"minecraft:wooden_pickaxe":1,"minecraft:stone_pickaxe":2,"minecraft:torch":12},"minecraft:picked_up":{"minecraft:stick":1,"minecraft:crafting_table":1,"byg:soapstone":20,"minecraft:andesite":2,"minecraft:torch":1,"minecraft:gravel":7,"minecraft:flint":1,"minecraft:oak_log":7,"minecraft:diorite":17,"minecraft:dirt":10,"twigs:pebble":3,"delightful:acorn":2,"minecraft:granite":19,"minecraft:gray_wool":1,"minecraft:oak_sapling":3,"twigs:twig":3,"minecraft:mutton":5,"minecraft:coal":7,"minecraft:white_wool":2,"minecraft:cobblestone":86},"minecraft:mined":{"byg:soapstone":20,"minecraft:andesite":2,"minecraft:crafting_table":1,"minecraft:granite":19,"minecraft:grass":2,"minecraft:coal_ore":5,"minecraft:grass_block":4,"minecraft:oak_log":6,"minecraft:gravel":8,"minecraft:dirt":6,"minecraft:stone":87,"excavated_variants:andesite_coal_ore":2,"minecraft:diorite":17,"minecraft:wall_torch":1,"immersive_weathering:oak_leaf_pile":3}},"DataVersion":3120}