{"stats":{"minecraft:used":{"minecraft:stone_pickaxe":280,"minecraft:wooden_pickaxe":48,"minecraft:stone_axe":1,"minecraft:torch":2,"minecraft:cobblestone":25,"minecraft:dirt":1,"minecraft:mutton":3,"minecraft:crafting_table":3,"minecraft:cobbled_deepslate":2,"delightful:acorn":2},"minecraft:custom":{"minecraft:time_since_rest":24467,"minecraft:sprint_one_cm":12294,"minecraft:damage_taken":60,"minecraft:walk_one_cm":33184,"minecraft:mob_kills":3,"minecraft:damage_dealt":247,"minecraft:interact_with_crafting_table":6,"minecraft:fly_one_cm":16112,"goblintraders:trade_with_goblin":15,"minecraft:crouch_one_cm":1643,"minecraft:play_time":24467,"minecraft:sneak_time":513,"minecraft:walk_under_water_one_cm":409,"minecraft:jump":189,"minecraft:leave_game":1,"minecraft:walk_on_water_one_cm":2145,"minecraft:time_since_death":24467,"minecraft:total_world_time":24467,"minecraft:fall_one_cm":2887},"minecraft:killed":{"minecraft:sheep":3},"minecraft:broken":{"minecraft:stone_pickaxe":2,"minecraft:wooden_pickaxe":1},"minecraft:crafted":{"minecraft:oak_planks":16,"minecraft:iron_boots":1,"minecraft:emerald":2,"minecraft:iron_chestplate":1,"minecraft:crafting_table":1,"minecraft:stick":12,"minecraft:iron_helmet":1,"minecraft:iron_ingot":26,"minecraft:wooden_pickaxe":1,"minecraft:stone_pickaxe":3,"minecraft:iron_leggings":1,"minecraft:torch":12,"minecraft:stone_axe":1},"minecraft:picked_up":{"minecraft:raw_iron":13,"minecraft:stick":1,"minecraft:crafting_table":3,"byg:soapstone":20,"minecraft:andesite":2,"minecraft:torch":1,"minecraft:gravel":7,"minecraft:flint":1,"minecraft:oak_log":7,"minecraft:diorite":17,"minecraft:lapis_lazuli":21,"minecraft:dirt":16,"minecraft:cobbled_deepslate":81,"twigs:pebble":3,"delightful:acorn":2,"minecraft:granite":19,"minecraft:gray_wool":1,"twigs:rhyolite":11,"minecraft:oak_sapling":3,"twigs:twig":3,"minecraft:mutton":5,"minecraft:coal":7,"minecraft:white_wool":2,"minecraft:cobblestone":111},"minecraft:mined":{"byg:soapstone":20,"minecraft:iron_ore":13,"minecraft:andesite":2,"minecraft:deepslate_lapis_ore":3,"minecraft:crafting_table":3,"minecraft:granite":19,"minecraft:grass":2,"minecraft:coal_ore":5,"minecraft:grass_block":4,"minecraft:oak_log":6,"minecraft:gravel":8,"minecraft:dirt":12,"minecraft:cobblestone":2,"twigs:rhyolite":11,"minecraft:stone":109,"minecraft:deepslate":81,"excavated_variants:andesite_coal_ore":2,"minecraft:diorite":17,"minecraft:wall_torch":1,"immersive_weathering:oak_leaf_pile":3}},"DataVersion":3120}