{"stats":{"minecraft:broken":{"minecraft:wooden_pickaxe":1,"minecraft:stone_pickaxe":5,"minecraft:iron_axe":1,"minecraft:stone_axe":2,"minecraft:iron_pickaxe":2},"minecraft:used":{"minecraft:rotten_flesh":5,"minecraft:torch":71,"minecraft:dirt":4,"minecraft:mutton":5,"twigs:rhyolite":35,"minecraft:iron_axe":345,"minecraft:light_gray_wool":3,"minecraft:furnace":1,"minecraft:oak_sapling":2,"minecraft:cooked_beef":3,"minecraft:cobbled_deepslate":131,"minecraft:enchanted_golden_apple":1,"minecraft:cooked_mutton":4,"minecraft:water_bucket":2,"minecraft:stone_pickaxe":796,"minecraft:oak_planks":1,"minecraft:wooden_pickaxe":48,"minecraft:golden_apple":1,"minecraft:crafting_table":6,"minecraft:cod":6,"minecraft:cobbled_deepslate_stairs":156,"alexsmobs:flying_fish":1,"minecraft:bread":30,"minecraft:iron_pickaxe":676,"byg:soapstone":37,"minecraft:gravel":5,"minecraft:stone_axe":146,"ecologics:coconut_slice":4,"minecraft:cobblestone":110,"minecraft:cobbled_deepslate_slab":2,"minecraft:andesite":5,"minecraft:bucket":3,"delightful:acorn":2},"minecraft:mined":{"minecraft:tuff":10,"sculked:deep_earth":1,"excavated_variants:tuff_lapis_ore":2,"minecraft:deepslate_diamond_ore":3,"minecraft:cobbled_deepslate_stairs":7,"minecraft:granite":19,"minecraft:grass_block":4,"excavated_variants:dripstone_iron_ore":1,"minecraft:spawner":4,"excavated_variants:twigs_rhyolite_diamond_ore":2,"minecraft:furnace":1,"minecraft:iron_ore":22,"minecraft:cobbled_deepslate":23,"minecraft:andesite":15,"minecraft:deepslate_lapis_ore":4,"excavated_variants:tuff_iron_ore":6,"minecraft:pointed_dripstone":9,"minecraft:deepslate_iron_ore":15,"minecraft:stone":464,"immersive_weathering:oak_leaf_pile":4,"minecraft:podzol":4,"galosphere:deepslate_silver_ore":6,"minecraft:crafting_table":5,"minecraft:torch":4,"twigs:petrified_lichen":1,"minecraft:tall_grass":11,"minecraft:cobblestone":7,"minecraft:deepslate_gold_ore":29,"minecraft:oak_planks":1,"minecraft:diorite":54,"minecraft:wall_torch":11,"byg:soapstone":35,"upgrade_aquatic:pink_searocket":3,"excavated_variants:tuff_gold_ore":1,"minecraft:light_gray_wool":2,"minecraft:grass":19,"minecraft:oak_log":36,"minecraft:coal_ore":11,"minecraft:dripstone_block":1,"minecraft:gravel":39,"minecraft:sand":1,"minecraft:dirt":25,"twigs:rhyolite":54,"excavated_variants:andesite_coal_ore":2,"minecraft:oak_leaves":2,"minecraft:fern":1,"minecraft:deepslate":627},"minecraft:custom":{"minecraft:mob_kills":37,"minecraft:interact_with_crafting_table":20,"goblintraders:trade_with_goblin":63,"minecraft:leave_game":3,"minecraft:time_since_death":69067,"minecraft:climb_one_cm":576,"minecraft:damage_resisted":74,"minecraft:sprint_one_cm":497737,"minecraft:walk_one_cm":573146,"minecraft:drop":105,"minecraft:play_time":235895,"minecraft:deaths":3,"minecraft:sneak_time":5192,"minecraft:walk_under_water_one_cm":47339,"minecraft:jump":3226,"minecraft:walk_on_water_one_cm":98722,"minecraft:total_world_time":235895,"minecraft:interact_with_furnace":2,"minecraft:time_since_rest":69099,"minecraft:damage_taken":2693,"minecraft:damage_absorbed":173,"minecraft:damage_dealt":8482,"minecraft:swim_one_cm":26021,"minecraft:fly_one_cm":296568,"minecraft:open_chest":22,"minecraft:crouch_one_cm":11845,"minecraft:fall_one_cm":57710},"minecraft:picked_up":{"minecraft:crafting_table":5,"byg:soapstone":37,"minecraft:string":9,"spirit:broken_spawner":4,"minecraft:iron_axe":1,"minecraft:cobbled_deepslate":605,"minecraft:bucket":2,"delightful:acorn":2,"twigs:pebble":15,"minecraft:iron_pickaxe":2,"minecraft:light_gray_wool":3,"minecraft:furnace":1,"minecraft:stick":4,"minecraft:raw_iron":44,"ecologics:coconut_slice":4,"minecraft:torch":50,"minecraft:diorite":54,"minecraft:iron_horse_armor":3,"minecraft:arrow":1,"minecraft:rotten_flesh":37,"farmersdelight:rope":12,"minecraft:mutton":6,"alexsmobs:flying_fish":1,"minecraft:cod":6,"minecraft:white_wool":2,"minecraft:cobblestone":278,"minecraft:cooked_beef":3,"minecraft:andesite":15,"minecraft:flint":3,"minecraft:tuff":5,"minecraft:oak_log":37,"minecraft:cobbled_deepslate_stairs":16,"minecraft:lapis_lazuli":38,"minecraft:dirt":25,"minecraft:name_tag":2,"minecraft:cooked_mutton":3,"minecraft:bone":16,"minecraft:wheat_seeds":3,"minecraft:raw_gold":29,"minecraft:stone_pickaxe":4,"minecraft:iron_ingot":3,"galosphere:raw_silver":6,"twigs:twig":9,"minecraft:oak_planks":2,"minecraft:dripstone_block":1,"minecraft:gravel":44,"ecologics:coconut_husk":1,"minecraft:diamond":6,"minecraft:granite":19,"minecraft:gray_wool":1,"minecraft:bread":22,"twigs:rhyolite":46,"minecraft:oak_sapling":13,"minecraft:coal":17},"minecraft:crafted":{"minecraft:cobbled_deepslate_slab":6,"minecraft:oak_planks":36,"minecraft:furnace":1,"minecraft:cooked_mutton":1,"minecraft:iron_boots":1,"minecraft:iron_axe":3,"minecraft:stone_pickaxe":5,"minecraft:cobbled_deepslate_stairs":170,"minecraft:emerald":4,"minecraft:crafting_table":3,"minecraft:wooden_pickaxe":1,"minecraft:iron_helmet":1,"minecraft:bucket":1,"minecraft:stone_axe":2,"minecraft:iron_chestplate":1,"minecraft:stick":36,"minecraft:iron_ingot":96,"minecraft:iron_pickaxe":3,"minecraft:gold_ingot":33,"minecraft:iron_leggings":1,"minecraft:torch":44},"minecraft:killed_by":{"minecraft:creeper":1,"alexsmobs:murmur_head":1,"minecraft:zombie":1},"minecraft:killed":{"minecraft:spider":2,"minecraft:cod":6,"minecraft:skeleton":5,"alexsmobs:flying_fish":1,"rottencreatures:undead_miner":3,"minecraft:sheep":4,"minecraft:zombie":17},"minecraft:dropped":{"minecraft:wheat_seeds":3,"minecraft:cobbled_deepslate_stairs":32,"minecraft:crafting_table":1,"minecraft:cobblestone":6,"minecraft:iron_horse_armor":2,"minecraft:cobweb":1,"minecraft:dirt":2,"minecraft:diorite":37,"minecraft:torch":1,"minecraft:iron_axe":1,"minecraft:iron_pickaxe":1,"minecraft:bucket":2,"twigs:twig":8,"minecraft:gravel":11,"spirit:broken_spawner":4,"minecraft:cobbled_deepslate":93,"minecraft:tuff":5,"minecraft:raw_iron":1,"minecraft:oak_planks":2,"ecologics:coconut_husk":1,"minecraft:oak_sapling":8,"minecraft:stone_pickaxe":2}},"DataVersion":3120}