{"stats":{"minecraft:broken":{"minecraft:stone_pickaxe":5,"minecraft:iron_axe":1,"minecraft:stone_axe":2,"minecraft:iron_pickaxe":2,"minecraft:wooden_pickaxe":1},"minecraft:used":{"minecraft:cooked_mutton":1,"minecraft:water_bucket":1,"minecraft:stone_pickaxe":796,"minecraft:wooden_pickaxe":48,"minecraft:rotten_flesh":5,"minecraft:torch":48,"minecraft:golden_apple":1,"minecraft:dirt":4,"minecraft:mutton":5,"minecraft:crafting_table":6,"twigs:rhyolite":35,"minecraft:cod":2,"minecraft:cobbled_deepslate_stairs":156,"alexsmobs:flying_fish":1,"minecraft:iron_axe":212,"minecraft:bread":9,"minecraft:iron_pickaxe":529,"minecraft:light_gray_wool":1,"ecologics:coconut_slice":3,"minecraft:stone_axe":146,"minecraft:cobblestone":101,"minecraft:cobbled_deepslate_slab":2,"minecraft:oak_sapling":2,"minecraft:furnace":1,"minecraft:bucket":1,"minecraft:cooked_beef":3,"minecraft:cobbled_deepslate":12,"delightful:acorn":2},"minecraft:mined":{"minecraft:tuff":7,"sculked:deep_earth":1,"minecraft:cobbled_deepslate_stairs":7,"galosphere:deepslate_silver_ore":6,"minecraft:crafting_table":5,"minecraft:torch":4,"minecraft:granite":19,"minecraft:grass_block":4,"minecraft:tall_grass":3,"minecraft:cobblestone":7,"minecraft:deepslate_gold_ore":17,"minecraft:diorite":54,"minecraft:wall_torch":11,"byg:soapstone":34,"upgrade_aquatic:pink_searocket":3,"minecraft:furnace":1,"minecraft:iron_ore":13,"minecraft:cobbled_deepslate":18,"minecraft:andesite":2,"minecraft:deepslate_lapis_ore":3,"minecraft:grass":16,"minecraft:oak_log":36,"minecraft:coal_ore":11,"minecraft:deepslate_iron_ore":9,"minecraft:sand":1,"minecraft:gravel":29,"minecraft:dirt":25,"twigs:rhyolite":53,"minecraft:oak_leaves":2,"minecraft:stone":454,"excavated_variants:andesite_coal_ore":2,"minecraft:deepslate":598,"immersive_weathering:oak_leaf_pile":4},"minecraft:picked_up":{"minecraft:crafting_table":5,"byg:soapstone":34,"minecraft:cooked_beef":3,"minecraft:andesite":2,"minecraft:flint":3,"minecraft:tuff":3,"minecraft:oak_log":37,"minecraft:cobbled_deepslate_stairs":16,"minecraft:lapis_lazuli":21,"minecraft:dirt":21,"minecraft:iron_axe":1,"minecraft:cooked_mutton":3,"minecraft:iron_ingot":3,"minecraft:wheat_seeds":3,"minecraft:cobbled_deepslate":582,"minecraft:raw_gold":17,"delightful:acorn":2,"twigs:pebble":10,"minecraft:stone_pickaxe":4,"minecraft:iron_pickaxe":1,"minecraft:light_gray_wool":1,"galosphere:raw_silver":6,"twigs:twig":8,"minecraft:oak_planks":1,"minecraft:furnace":1,"minecraft:stick":4,"minecraft:raw_iron":23,"ecologics:coconut_slice":4,"minecraft:torch":40,"minecraft:gravel":37,"ecologics:coconut_husk":1,"minecraft:diorite":54,"minecraft:iron_horse_armor":1,"minecraft:rotten_flesh":8,"minecraft:granite":19,"alexsmobs:flying_fish":1,"minecraft:gray_wool":1,"minecraft:cod":6,"twigs:rhyolite":46,"minecraft:oak_sapling":13,"minecraft:white_wool":2,"minecraft:coal":16,"minecraft:mutton":6,"minecraft:cobblestone":269},"minecraft:custom":{"minecraft:interact_with_furnace":2,"minecraft:mob_kills":26,"minecraft:interact_with_crafting_table":19,"goblintraders:trade_with_goblin":26,"minecraft:leave_game":2,"minecraft:time_since_death":727,"minecraft:climb_one_cm":202,"minecraft:time_since_rest":759,"minecraft:damage_absorbed":14,"minecraft:sprint_one_cm":254272,"minecraft:damage_taken":1591,"minecraft:walk_one_cm":326082,"minecraft:drop":69,"minecraft:damage_dealt":5730,"minecraft:swim_one_cm":17246,"minecraft:fly_one_cm":176252,"minecraft:open_chest":7,"minecraft:crouch_one_cm":3697,"minecraft:play_time":167555,"minecraft:deaths":3,"minecraft:sneak_time":2205,"minecraft:walk_under_water_one_cm":32000,"minecraft:jump":1886,"minecraft:walk_on_water_one_cm":76231,"minecraft:total_world_time":167555,"minecraft:fall_one_cm":25234},"minecraft:crafted":{"minecraft:cobbled_deepslate_slab":6,"minecraft:oak_planks":36,"minecraft:emerald":2,"minecraft:crafting_table":3,"minecraft:wooden_pickaxe":1,"minecraft:iron_helmet":1,"minecraft:furnace":1,"minecraft:bucket":1,"minecraft:stone_axe":2,"minecraft:cooked_mutton":1,"minecraft:iron_boots":1,"minecraft:iron_chestplate":1,"minecraft:iron_axe":2,"minecraft:stick":36,"minecraft:iron_ingot":48,"minecraft:iron_pickaxe":3,"minecraft:stone_pickaxe":5,"minecraft:cobbled_deepslate_stairs":170,"minecraft:iron_leggings":1,"minecraft:torch":44},"minecraft:killed_by":{"minecraft:creeper":1,"minecraft:zombie":1,"alexsmobs:murmur_head":1},"minecraft:killed":{"rottencreatures:undead_miner":2,"minecraft:cod":6,"minecraft:skeleton":1,"minecraft:sheep":4,"minecraft:zombie":12,"alexsmobs:flying_fish":1},"minecraft:dropped":{"minecraft:gravel":11,"minecraft:wheat_seeds":3,"minecraft:cobbled_deepslate_stairs":32,"minecraft:cobbled_deepslate":6,"minecraft:crafting_table":1,"minecraft:tuff":3,"minecraft:raw_iron":1,"minecraft:oak_planks":2,"minecraft:cobweb":1,"minecraft:dirt":2,"minecraft:diorite":37,"minecraft:torch":1,"ecologics:coconut_husk":1,"minecraft:oak_sapling":8,"minecraft:stone_pickaxe":2,"minecraft:iron_pickaxe":1,"twigs:twig":8}},"DataVersion":3120}