{"stats":{"minecraft:used":{"minecraft:cooked_mutton":2,"minecraft:stone_sword":6,"minecraft:stone_pickaxe":1048,"minecraft:oak_planks":9,"woodworks:oak_chest":6,"minecraft:wooden_pickaxe":12,"minecraft:shield":2,"minecraft:cobblestone_slab":18,"minecraft:torch":68,"minecraft:dirt":4,"minecraft:crafting_table":1,"minecraft:leather_helmet":1,"minecraft:gravel":2,"minecraft:stone_axe":81,"minecraft:wooden_sword":7,"minecraft:cobblestone":42,"woodworks:birch_chest":1,"minecraft:furnace":1,"minecraft:andesite":5,"alexsmobs:animal_dictionary":1,"minecraft:cooked_beef":1,"minecraft:cobbled_deepslate":3},"minecraft:custom":{"minecraft:interact_with_furnace":13,"minecraft:mob_kills":5,"minecraft:interact_with_crafting_table":14,"minecraft:time_since_death":29370,"minecraft:climb_one_cm":461,"minecraft:time_since_rest":29401,"minecraft:sprint_one_cm":114094,"minecraft:damage_taken":250,"minecraft:walk_one_cm":137359,"minecraft:damage_blocked_by_shield":30,"minecraft:drop":6,"minecraft:damage_dealt":1042,"minecraft:fly_one_cm":55371,"minecraft:open_chest":21,"minecraft:crouch_one_cm":22384,"minecraft:play_time":67861,"minecraft:deaths":1,"minecraft:sneak_time":10030,"minecraft:jump":780,"minecraft:walk_on_water_one_cm":99,"minecraft:total_world_time":67861,"minecraft:fall_one_cm":11187},"minecraft:killed":{"minecraft:sheep":1,"minecraft:skeleton":1,"minecraft:cow":3},"minecraft:broken":{"minecraft:stone_pickaxe":7},"minecraft:killed_by":{"minecraft:skeleton":1},"minecraft:crafted":{"minecraft:cooked_beef":4,"woodworks:birch_chest":7,"minecraft:oak_planks":112,"minecraft:cobblestone_slab":18,"minecraft:crafting_table":1,"minecraft:wooden_pickaxe":1,"minecraft:furnace":1,"minecraft:leather_helmet":1,"minecraft:birch_planks":56,"minecraft:stone_axe":1,"minecraft:cooked_mutton":2,"minecraft:air":0,"woodworks:oak_chest":7,"minecraft:charcoal":28,"minecraft:stick":60,"minecraft:stone_pickaxe":13,"minecraft:stone_sword":1,"minecraft:torch":108},"minecraft:picked_up":{"minecraft:birch_log":26,"woodworks:birch_chest":1,"minecraft:crafting_table":1,"minecraft:andesite":11,"minecraft:leather":5,"minecraft:flint":2,"minecraft:oak_log":45,"minecraft:dirt":39,"minecraft:raw_copper":26,"minecraft:wooden_sword":1,"woodworks:oak_chest":2,"minecraft:bone":2,"minecraft:cobbled_deepslate":5,"delightful:acorn":1,"minecraft:beef":6,"minecraft:cobblestone_slab":5,"minecraft:birch_sapling":5,"minecraft:raw_iron":8,"minecraft:stick":1,"minecraft:torch":6,"minecraft:gravel":16,"minecraft:diorite":41,"minecraft:granite":79,"minecraft:oak_sapling":6,"minecraft:mutton":2,"minecraft:coal":25,"minecraft:white_wool":1,"minecraft:cobblestone":840},"minecraft:mined":{"minecraft:glow_lichen":1,"minecraft:torch":4,"immersive_weathering:birch_leaf_pile":2,"minecraft:granite":79,"minecraft:grass_block":1,"woodworks:oak_chest":2,"minecraft:copper_ore":9,"minecraft:cobblestone":3,"minecraft:diorite":41,"minecraft:wall_torch":2,"woodworks:birch_chest":1,"minecraft:iron_ore":8,"minecraft:birch_log":26,"minecraft:cobbled_deepslate":5,"minecraft:birch_leaves":1,"minecraft:andesite":11,"minecraft:grass":3,"minecraft:oak_log":45,"minecraft:coal_ore":25,"minecraft:cobblestone_slab":5,"minecraft:gravel":4,"minecraft:dirt":41,"minecraft:stone":837,"minecraft:oak_leaves":2,"immersive_weathering:oak_leaf_pile":4},"minecraft:dropped":{"minecraft:cooked_beef":3,"minecraft:oak_log":1,"minecraft:torch":20,"minecraft:wooden_sword":1,"minecraft:stone_pickaxe":2}},"DataVersion":3120}