{"stats":{"minecraft:used":{"alexsmobs:animal_dictionary":1,"minecraft:dirt":2,"minecraft:gravel":1},"minecraft:custom":{"minecraft:jump":61,"minecraft:time_since_rest":1861,"minecraft:crouch_one_cm":257,"minecraft:sprint_one_cm":1410,"minecraft:play_time":1861,"minecraft:walk_on_water_one_cm":99,"minecraft:time_since_death":1861,"minecraft:walk_one_cm":4343,"minecraft:sneak_time":91,"minecraft:climb_one_cm":461,"minecraft:total_world_time":1861,"minecraft:fall_one_cm":1161,"minecraft:fly_one_cm":2724},"minecraft:picked_up":{"minecraft:flint":1,"minecraft:dirt":2,"minecraft:gravel":1},"minecraft:mined":{"minecraft:gravel":2,"minecraft:dirt":2}},"DataVersion":3120}