{"stats":{"minecraft:broken":{"minecraft:iron_shovel":2,"minecraft:stone_pickaxe":15,"minecraft:stone_axe":1,"minecraft:stone_sword":1,"minecraft:golden_axe":1,"minecraft:iron_axe":2,"minecraft:iron_pickaxe":3},"minecraft:used":{"quark:ancient_tome":1,"minecraft:iron_shovel":779,"minecraft:shield":2,"minecraft:stone":4,"minecraft:iron_sword":37,"minecraft:tuff":3,"minecraft:azure_bluet":1,"minecraft:grass_block":1,"galosphere:amethyst_bricks":23,"woodworks:birch_chest":15,"minecraft:furnace":27,"minecraft:cooked_cod":3,"minecraft:diorite":41,"minecraft:oak_planks":184,"minecraft:stone_pickaxe":1997,"sod:dirt_sod_stairs":1,"minecraft:wooden_pickaxe":12,"minecraft:white_wool":1,"minecraft:golden_apple":2,"decorative_blocks:chandelier":4,"minecraft:deepslate_tiles":98,"minecraft:bread":54,"minecraft:gravel":3,"minecraft:wooden_sword":7,"minecraft:andesite":7,"minecraft:birch_log":23,"ecologics:crab_claw":1,"minecraft:stone_sword":136,"woodworks:oak_chest":13,"quark:granite_bricks":53,"minecraft:torch":305,"minecraft:dirt":14,"minecraft:oak_wood":91,"minecraft:granite":15,"minecraft:iron_axe":283,"minecraft:cooked_beef":3,"minecraft:cobbled_deepslate":30,"minecraft:golden_axe":36,"minecraft:iron_leggings":1,"minecraft:cooked_mutton":6,"minecraft:cobblestone_stairs":147,"minecraft:cobblestone_slab":23,"environmental:thief_hood":1,"minecraft:crafting_table":3,"minecraft:white_bed":1,"minecraft:cod":1,"minecraft:iron_pickaxe":871,"minecraft:leather_helmet":1,"supplementaries:rope":6,"byg:soapstone":19,"minecraft:stone_axe":153,"minecraft:fishing_rod":25,"quark:diorite_bricks":151,"minecraft:cobblestone":142,"minecraft:cooked_porkchop":1,"alexsmobs:animal_dictionary":1,"twigs:pebble":1},"minecraft:mined":{"minecraft:large_amethyst_bud":3,"sculked:deep_earth":10,"byg:yellow_daffodil":1,"quark:diorite_bricks":2,"minecraft:cobblestone_stairs":35,"quark:granite_bricks":3,"minecraft:granite":142,"minecraft:budding_amethyst":4,"minecraft:grass_block":342,"excavated_variants:dripstone_iron_ore":2,"sod:dirt_sod_stairs":1,"minecraft:spawner":1,"woodworks:birch_chest":11,"excavated_variants:byg_soapstone_coal_ore":1,"minecraft:cobbled_deepslate":25,"immersive_weathering:mossy_stone":2,"minecraft:iron_ore":42,"minecraft:fire":3,"byg:prairie_grass":8,"minecraft:azure_bluet":3,"minecraft:pointed_dripstone":9,"excavated_variants:byg_soapstone_lapis_ore":1,"excavated_variants:byg_soapstone_gold_ore":7,"byg:tall_prairie_grass":9,"immersive_weathering:oak_leaf_pile":51,"minecraft:deepslate_redstone_ore":40,"supplementaries:book_pile":1,"minecraft:medium_amethyst_bud":3,"immersive_weathering:spruce_leaf_pile":1,"minecraft:amethyst_cluster":9,"minecraft:torch":36,"minecraft:calcite":2,"galosphere:silver_ore":5,"minecraft:cobblestone":25,"excavated_variants:byg_soapstone_copper_ore":2,"minecraft:oak_planks":10,"minecraft:wall_torch":24,"minecraft:amethyst_block":31,"byg:soapstone":31,"minecraft:birch_log":92,"minecraft:lilac":3,"immersive_weathering:humus":2,"minecraft:smooth_stone_slab":8,"minecraft:grass":74,"minecraft:oak_log":131,"minecraft:dirt":487,"twigs:rhyolite":10,"minecraft:smooth_basalt":4,"minecraft:oak_leaves":9,"minecraft:deepslate":83,"minecraft:deepslate_tiles":7,"minecraft:tuff":20,"byg:clover_patch":6,"excavated_variants:byg_soapstone_iron_ore":5,"goodending:birch_mushroom":2,"minecraft:glow_lichen":2,"immersive_weathering:birch_leaf_pile":8,"excavated_variants:twigs_rhyolite_redstone_ore":5,"excavated_variants:granite_coal_ore":1,"supplementaries:rope":5,"minecraft:furnace":17,"excavated_variants:twigs_rhyolite_diamond_ore":1,"minecraft:andesite":45,"byg:allium_flower_bush":2,"farmersdelight:rope":2,"minecraft:cobblestone_slab":10,"minecraft:deepslate_iron_ore":3,"minecraft:rail":1,"minecraft:stone":1663,"minecraft:white_wool":1,"excavated_variants:andesite_gold_ore":2,"galosphere:deepslate_silver_ore":3,"minecraft:oak_fence":1,"minecraft:crafting_table":2,"minecraft:oak_wood":34,"woodworks:oak_chest":7,"minecraft:tall_grass":3,"minecraft:copper_ore":11,"minecraft:lapis_ore":7,"minecraft:deepslate_gold_ore":3,"minecraft:diorite":266,"excavated_variants:tuff_gold_ore":4,"twigs:tangerine_seashell":1,"minecraft:birch_leaves":9,"decorative_blocks:chandelier":3,"minecraft:coal_ore":94,"minecraft:gravel":23,"byg:tall_pink_allium":1,"minecraft:cobweb":20,"minecraft:stone_bricks":3,"minecraft:polished_andesite":1,"byg:tall_allium":5,"minecraft:gold_ore":6,"excavated_variants:diorite_coal_ore":7},"minecraft:custom":{"minecraft:interact_with_crafting_table":69,"goblintraders:trade_with_goblin":62,"minecraft:leave_game":3,"minecraft:time_since_death":28044,"minecraft:sprint_one_cm":849842,"minecraft:damage_blocked_by_shield":30,"minecraft:drop":71,"minecraft:play_time":391248,"minecraft:deaths":13,"minecraft:jump":5321,"minecraft:walk_on_water_one_cm":45718,"minecraft:interact_with_furnace":96,"minecraft:sleep_in_bed":2,"minecraft:damage_dealt":17225,"minecraft:crouch_one_cm":85260,"minecraft:horse_one_cm":7410,"minecraft:mob_kills":77,"minecraft:interact_with_campfire":4,"minecraft:damage_dealt_resisted":1657,"minecraft:climb_one_cm":3107,"minecraft:walk_one_cm":901363,"minecraft:sneak_time":29908,"minecraft:walk_under_water_one_cm":17974,"minecraft:total_world_time":391248,"minecraft:time_since_rest":5208,"minecraft:damage_taken":5997,"minecraft:damage_absorbed":80,"minecraft:fly_one_cm":692831,"minecraft:swim_one_cm":74086,"minecraft:open_chest":258,"minecraft:fish_caught":8,"minecraft:fall_one_cm":103642},"minecraft:picked_up":{"minecraft:amethyst_block":31,"minecraft:string":23,"minecraft:raw_copper":30,"spirit:broken_spawner":4,"minecraft:smooth_stone_slab":8,"minecraft:pufferfish":1,"woodworks:oak_chest":6,"minecraft:deepslate_tiles":7,"minecraft:cobbled_deepslate":130,"delightful:acorn":6,"twigs:pebble":3,"minecraft:cobblestone_slab":12,"ecologics:crab_claw":1,"byg:yellow_daffodil":1,"minecraft:furnace":17,"minecraft:stick":6,"sculked:deep_earth":53,"minecraft:torch":65,"minecraft:porkchop":2,"minecraft:pointed_dripstone":4,"minecraft:diorite":266,"quark:ancient_tome":1,"minecraft:rotten_flesh":13,"farmersdelight:rope":2,"environmental:cooked_venison":3,"twigs:tangerine_seashell":2,"minecraft:cod":4,"minecraft:cobblestone":1694,"minecraft:birch_log":92,"decorative_blocks:chandelier":2,"woodworks:birch_chest":11,"minecraft:feather":2,"minecraft:lilac":1,"minecraft:andesite":52,"minecraft:flint":5,"alexsmobs:bear_fur":2,"minecraft:tuff":18,"supplementaries:flax_seeds":3,"minecraft:lapis_lazuli":39,"minecraft:dirt":962,"minecraft:bone":16,"minecraft:wheat_seeds":19,"minecraft:raw_gold":21,"twigs:twig":29,"galosphere:raw_silver":8,"sod:dirt_sod_stairs":1,"minecraft:oak_planks":9,"minecraft:cooked_porkchop":1,"ecologics:coconut_husk":1,"minecraft:grass_block":3,"galosphere:silver_nugget":5,"environmental:venison":5,"minecraft:polished_andesite":1,"minecraft:diamond":1,"minecraft:grass":1,"minecraft:granite":142,"minecraft:oak_sapling":25,"twigs:rhyolite":10,"goodending:birch_mushroom":2,"minecraft:crafting_table":3,"minecraft:charcoal":160,"byg:soapstone":26,"twigs:petrified_lichen":2,"minecraft:azure_bluet":3,"minecraft:iron_axe":1,"minecraft:wooden_sword":1,"minecraft:beef":6,"minecraft:poppy":2,"supplementaries:rope":6,"minecraft:birch_sapling":10,"minecraft:raw_iron":52,"minecraft:copper_ingot":12,"minecraft:music_disc_11":1,"minecraft:redstone":194,"minecraft:arrow":16,"minecraft:saddle":1,"minecraft:white_wool":7,"minecraft:mutton":11,"environmental:duck":1,"minecraft:rail":2,"minecraft:salmon":3,"minecraft:leather":8,"quark:diorite_bricks":2,"savage_and_ravage:creeper_spores":1,"minecraft:oak_log":131,"minecraft:cobbled_deepslate_stairs":23,"quark:granite_bricks":3,"minecraft:cobblestone_stairs":35,"minecraft:white_banner":1,"environmental:healer_pouch":1,"minecraft:cooked_mutton":6,"minecraft:apple":1,"minecraft:cobweb":4,"minecraft:dandelion":1,"minecraft:dripstone_block":2,"minecraft:gravel":92,"minecraft:amethyst_shard":39,"minecraft:spider_eye":4,"minecraft:oak_wood":34,"byg:tall_allium":2,"minecraft:iron_helmet":1,"minecraft:black_wool":2,"minecraft:coal":102,"minecraft:ender_pearl":3},"minecraft:crafted":{"minecraft:oak_planks":808,"minecraft:cobblestone_slab":18,"aether:iron_ring":1,"galosphere:amethyst_bricks":28,"minecraft:stone":6,"minecraft:cobblestone_stairs":160,"decorative_blocks:chandelier":3,"shieldexp:iron_shield":1,"minecraft:cooked_mutton":8,"minecraft:iron_boots":1,"galosphere:smooth_amethyst":28,"minecraft:emerald":16,"minecraft:crafting_table":2,"minecraft:wooden_pickaxe":1,"minecraft:iron_helmet":1,"minecraft:birch_planks":64,"quark:granite_bricks":124,"minecraft:iron_chestplate":1,"minecraft:charcoal":106,"minecraft:stick":156,"minecraft:iron_ingot":69,"minecraft:iron_pickaxe":4,"minecraft:stone_sword":1,"environmental:cooked_venison":2,"minecraft:gold_ingot":21,"minecraft:deepslate_bricks":96,"sculked:polished_stone":4,"minecraft:fishing_rod":1,"minecraft:furnace":10,"quark:diorite_bricks":220,"sod:dirt_sod_stairs":240,"minecraft:polished_diorite":220,"minecraft:polished_deepslate":100,"minecraft:iron_axe":2,"minecraft:stone_pickaxe":17,"minecraft:cooked_beef":6,"minecraft:cooked_cod":3,"woodworks:birch_chest":7,"minecraft:iron_sword":1,"minecraft:cooked_salmon":3,"minecraft:polished_granite":124,"minecraft:leather_helmet":1,"minecraft:stone_axe":1,"minecraft:deepslate_tiles":96,"minecraft:air":0,"woodworks:oak_chest":8,"minecraft:golden_apple":1,"minecraft:flint":64,"windswept:wooden_bucket":1,"minecraft:iron_shovel":4,"minecraft:iron_leggings":1,"minecraft:white_bed":2,"minecraft:torch":296},"minecraft:killed_by":{"minecraft:creeper":2,"rottencreatures:immortal":3,"minecraft:enderman":4,"minecraft:skeleton":4},"minecraft:dropped":{"minecraft:cooked_beef":3,"minecraft:oak_log":1,"minecraft:diamond":1,"minecraft:rail":2,"minecraft:leather_helmet":1,"minecraft:flint":4,"twigs:pebble":2,"minecraft:dirt":168,"minecraft:wooden_sword":1,"minecraft:iron_pickaxe":1,"minecraft:gravel":4,"spirit:broken_spawner":3,"minecraft:pointed_dripstone":3,"minecraft:rotten_flesh":6,"minecraft:oak_planks":192,"minecraft:cooked_mutton":8,"minecraft:white_bed":1,"byg:yellow_daffodil":1,"minecraft:poppy":2,"supplementaries:flax_seeds":3,"minecraft:leather_boots":1,"environmental:cooked_venison":3,"minecraft:arrow":5,"minecraft:iron_ingot":3,"minecraft:bread":22,"minecraft:wheat_seeds":15,"minecraft:lilac":1,"minecraft:dripstone_block":1,"minecraft:feather":2,"minecraft:iron_helmet":1,"minecraft:cobblestone":2,"minecraft:lead":1,"minecraft:stick":4,"minecraft:pufferfish":1,"minecraft:diorite":2,"minecraft:torch":25,"minecraft:cooked_salmon":3,"minecraft:dandelion":1,"minecraft:smooth_stone_slab":8,"minecraft:tuff":2,"byg:tall_allium":2,"twigs:tangerine_seashell":2,"minecraft:spider_eye":1,"minecraft:stone_pickaxe":2,"minecraft:black_wool":1},"minecraft:killed":{"minecraft:cave_spider":4,"minecraft:spider":9,"minecraft:skeleton":14,"rottencreatures:zap":3,"ecologics:coconut_crab":1,"minecraft:pig":2,"alexsmobs:grizzly_bear":1,"minecraft:zombie_villager":1,"minecraft:creeper":1,"minecraft:sheep":7,"minecraft:pillager":3,"minecraft:zombie":15,"environmental:deer":4,"minecraft:cow":3,"environmental:duck":1,"alexsmobs:cockroach":1,"minecraft:enderman":4}},"DataVersion":3120}