{"stats":{"minecraft:broken":{"minecraft:iron_shovel":1,"minecraft:stone_pickaxe":15,"minecraft:golden_axe":1,"minecraft:stone_axe":1,"minecraft:iron_pickaxe":2},"minecraft:used":{"minecraft:stone_sword":79,"minecraft:iron_shovel":335,"woodworks:oak_chest":7,"minecraft:shield":2,"minecraft:stone":4,"minecraft:torch":241,"minecraft:dirt":11,"minecraft:granite":15,"minecraft:azure_bluet":1,"minecraft:iron_axe":144,"minecraft:grass_block":1,"woodworks:birch_chest":11,"minecraft:furnace":5,"minecraft:golden_axe":36,"minecraft:cooked_beef":3,"minecraft:cobbled_deepslate":20,"minecraft:iron_leggings":1,"minecraft:cooked_mutton":2,"minecraft:diorite":41,"minecraft:cobblestone_stairs":147,"minecraft:stone_pickaxe":1997,"minecraft:oak_planks":56,"minecraft:wooden_pickaxe":12,"minecraft:cobblestone_slab":23,"minecraft:white_wool":1,"minecraft:crafting_table":2,"decorative_blocks:chandelier":1,"minecraft:bread":38,"minecraft:iron_pickaxe":642,"minecraft:leather_helmet":1,"supplementaries:rope":6,"minecraft:gravel":3,"minecraft:stone_axe":153,"minecraft:wooden_sword":7,"minecraft:cobblestone":141,"minecraft:birch_log":23,"minecraft:andesite":7,"alexsmobs:animal_dictionary":1,"twigs:pebble":1},"minecraft:mined":{"minecraft:large_amethyst_bud":3,"minecraft:tuff":4,"byg:clover_patch":6,"sculked:deep_earth":9,"byg:yellow_daffodil":1,"excavated_variants:byg_soapstone_iron_ore":5,"goodending:birch_mushroom":2,"minecraft:cobblestone_stairs":35,"minecraft:budding_amethyst":4,"minecraft:glow_lichen":2,"immersive_weathering:birch_leaf_pile":8,"minecraft:granite":142,"minecraft:grass_block":272,"excavated_variants:dripstone_iron_ore":2,"excavated_variants:granite_coal_ore":1,"woodworks:birch_chest":7,"supplementaries:rope":5,"excavated_variants:byg_soapstone_coal_ore":1,"minecraft:furnace":5,"minecraft:iron_ore":42,"immersive_weathering:mossy_stone":2,"minecraft:cobbled_deepslate":5,"byg:prairie_grass":8,"minecraft:andesite":44,"byg:allium_flower_bush":2,"minecraft:azure_bluet":2,"minecraft:pointed_dripstone":9,"minecraft:cobblestone_slab":10,"minecraft:rail":1,"excavated_variants:byg_soapstone_lapis_ore":1,"minecraft:stone":1649,"minecraft:white_wool":1,"excavated_variants:byg_soapstone_gold_ore":7,"immersive_weathering:oak_leaf_pile":46,"byg:tall_prairie_grass":9,"minecraft:deepslate_redstone_ore":16,"excavated_variants:andesite_gold_ore":2,"minecraft:amethyst_cluster":9,"minecraft:medium_amethyst_bud":3,"galosphere:deepslate_silver_ore":3,"minecraft:crafting_table":1,"minecraft:oak_fence":1,"minecraft:torch":30,"minecraft:calcite":2,"galosphere:silver_ore":5,"woodworks:oak_chest":6,"minecraft:copper_ore":11,"minecraft:tall_grass":1,"minecraft:cobblestone":24,"excavated_variants:byg_soapstone_copper_ore":2,"minecraft:lapis_ore":7,"minecraft:oak_planks":4,"minecraft:diorite":266,"minecraft:wall_torch":23,"minecraft:amethyst_block":31,"byg:soapstone":8,"minecraft:birch_log":92,"twigs:tangerine_seashell":1,"minecraft:lilac":3,"minecraft:birch_leaves":9,"immersive_weathering:humus":2,"minecraft:smooth_stone_slab":8,"decorative_blocks:chandelier":1,"minecraft:grass":56,"minecraft:oak_log":131,"minecraft:coal_ore":94,"minecraft:gravel":23,"minecraft:dirt":114,"byg:tall_pink_allium":1,"minecraft:cobweb":12,"minecraft:smooth_basalt":4,"minecraft:polished_andesite":1,"minecraft:stone_bricks":3,"byg:tall_allium":5,"minecraft:gold_ore":6,"minecraft:deepslate":12,"minecraft:oak_leaves":9,"excavated_variants:diorite_coal_ore":7},"minecraft:custom":{"minecraft:mob_kills":32,"minecraft:interact_with_crafting_table":43,"goblintraders:trade_with_goblin":62,"minecraft:interact_with_campfire":4,"minecraft:leave_game":3,"minecraft:time_since_death":93658,"minecraft:climb_one_cm":2338,"minecraft:sprint_one_cm":607908,"minecraft:walk_one_cm":583624,"minecraft:damage_blocked_by_shield":30,"minecraft:drop":48,"minecraft:play_time":283248,"minecraft:deaths":6,"minecraft:sneak_time":21092,"minecraft:walk_under_water_one_cm":11490,"minecraft:jump":3754,"minecraft:walk_on_water_one_cm":34152,"minecraft:total_world_time":283248,"minecraft:interact_with_furnace":62,"minecraft:time_since_rest":93697,"minecraft:damage_taken":2811,"minecraft:damage_dealt":7705,"minecraft:swim_one_cm":47854,"minecraft:fly_one_cm":439153,"minecraft:open_chest":128,"minecraft:crouch_one_cm":56552,"minecraft:fall_one_cm":69515},"minecraft:picked_up":{"minecraft:charcoal":73,"minecraft:crafting_table":2,"byg:soapstone":7,"minecraft:azure_bluet":2,"minecraft:amethyst_block":31,"minecraft:string":12,"minecraft:raw_copper":30,"minecraft:wooden_sword":1,"spirit:broken_spawner":3,"minecraft:smooth_stone_slab":8,"woodworks:oak_chest":5,"minecraft:cobbled_deepslate":20,"twigs:pebble":3,"delightful:acorn":6,"minecraft:beef":6,"minecraft:cobblestone_slab":12,"minecraft:poppy":2,"supplementaries:rope":6,"minecraft:birch_sapling":10,"minecraft:furnace":5,"byg:yellow_daffodil":1,"minecraft:stick":5,"minecraft:raw_iron":49,"sculked:deep_earth":53,"minecraft:copper_ingot":12,"minecraft:torch":58,"minecraft:porkchop":2,"minecraft:music_disc_11":1,"minecraft:pointed_dripstone":3,"minecraft:diorite":266,"minecraft:redstone":67,"minecraft:arrow":6,"minecraft:rotten_flesh":3,"minecraft:cobblestone":1676,"minecraft:mutton":5,"twigs:tangerine_seashell":2,"minecraft:rail":2,"environmental:duck":1,"minecraft:white_wool":3,"minecraft:birch_log":92,"decorative_blocks:chandelier":1,"woodworks:birch_chest":7,"minecraft:feather":2,"minecraft:lilac":1,"minecraft:andesite":44,"minecraft:leather":5,"minecraft:tuff":2,"alexsmobs:bear_fur":2,"minecraft:flint":5,"minecraft:oak_log":131,"savage_and_ravage:creeper_spores":1,"supplementaries:flax_seeds":3,"minecraft:cobbled_deepslate_stairs":23,"minecraft:cobblestone_stairs":35,"minecraft:lapis_lazuli":39,"minecraft:dirt":510,"minecraft:cooked_mutton":6,"minecraft:bone":9,"minecraft:apple":1,"minecraft:wheat_seeds":14,"minecraft:raw_gold":15,"minecraft:cobweb":4,"galosphere:raw_silver":8,"twigs:twig":28,"minecraft:oak_planks":3,"minecraft:cooked_porkchop":1,"minecraft:dandelion":1,"minecraft:gravel":92,"ecologics:coconut_husk":1,"minecraft:amethyst_shard":39,"minecraft:grass_block":2,"minecraft:polished_andesite":1,"byg:tall_allium":2,"minecraft:granite":142,"minecraft:oak_sapling":25,"minecraft:black_wool":1,"goodending:birch_mushroom":2,"minecraft:coal":102,"minecraft:ender_pearl":1},"minecraft:crafted":{"minecraft:oak_planks":188,"minecraft:cobblestone_slab":18,"sculked:polished_stone":4,"minecraft:furnace":10,"minecraft:cobblestone_stairs":160,"minecraft:stone":6,"decorative_blocks:chandelier":1,"shieldexp:iron_shield":1,"minecraft:cooked_mutton":2,"minecraft:iron_boots":1,"minecraft:iron_axe":1,"minecraft:stone_pickaxe":17,"minecraft:cooked_beef":6,"woodworks:birch_chest":7,"minecraft:emerald":16,"minecraft:crafting_table":2,"minecraft:wooden_pickaxe":1,"minecraft:iron_helmet":1,"minecraft:leather_helmet":1,"minecraft:birch_planks":64,"minecraft:stone_axe":1,"minecraft:air":0,"woodworks:oak_chest":8,"minecraft:iron_chestplate":1,"minecraft:charcoal":106,"minecraft:stick":136,"minecraft:flint":64,"minecraft:iron_ingot":63,"minecraft:iron_pickaxe":4,"minecraft:stone_sword":1,"minecraft:iron_shovel":4,"minecraft:iron_leggings":1,"minecraft:gold_ingot":15,"minecraft:torch":268},"minecraft:killed_by":{"minecraft:creeper":1,"minecraft:enderman":3,"minecraft:skeleton":2},"minecraft:killed":{"environmental:duck":1,"minecraft:spider":5,"minecraft:skeleton":8,"minecraft:pig":2,"alexsmobs:grizzly_bear":1,"minecraft:zombie_villager":1,"minecraft:sheep":3,"minecraft:zombie":4,"alexsmobs:cockroach":1,"minecraft:enderman":2,"minecraft:cow":3},"minecraft:dropped":{"minecraft:iron_ingot":3,"minecraft:bread":22,"minecraft:wheat_seeds":13,"minecraft:cooked_beef":3,"minecraft:oak_log":1,"minecraft:lilac":1,"minecraft:feather":2,"minecraft:cobblestone":2,"minecraft:rail":2,"minecraft:leather_helmet":1,"minecraft:flint":4,"minecraft:stick":3,"twigs:pebble":2,"minecraft:dirt":168,"minecraft:diorite":2,"minecraft:torch":25,"minecraft:wooden_sword":1,"minecraft:dandelion":1,"minecraft:gravel":4,"spirit:broken_spawner":3,"minecraft:smooth_stone_slab":8,"minecraft:tuff":2,"minecraft:pointed_dripstone":3,"minecraft:rotten_flesh":2,"byg:tall_allium":2,"minecraft:cooked_mutton":6,"byg:yellow_daffodil":1,"twigs:tangerine_seashell":2,"minecraft:poppy":2,"supplementaries:flax_seeds":3,"minecraft:leather_boots":1,"minecraft:arrow":2,"minecraft:stone_pickaxe":2}},"DataVersion":3120}