{"stats":{"minecraft:broken":{"minecraft:stone_pickaxe":15,"minecraft:stone_axe":1,"minecraft:iron_pickaxe":2},"minecraft:used":{"minecraft:stone_sword":64,"minecraft:iron_shovel":4,"woodworks:oak_chest":6,"minecraft:shield":2,"minecraft:stone":4,"minecraft:torch":196,"minecraft:dirt":4,"minecraft:granite":15,"minecraft:azure_bluet":1,"minecraft:iron_axe":76,"minecraft:grass_block":1,"woodworks:birch_chest":6,"minecraft:furnace":5,"minecraft:cooked_beef":3,"minecraft:cobbled_deepslate":3,"minecraft:iron_leggings":1,"minecraft:cooked_mutton":2,"minecraft:diorite":41,"minecraft:cobblestone_stairs":147,"minecraft:stone_pickaxe":1997,"minecraft:oak_planks":9,"minecraft:wooden_pickaxe":12,"minecraft:cobblestone_slab":23,"minecraft:white_wool":1,"minecraft:crafting_table":1,"minecraft:bread":26,"minecraft:iron_pickaxe":521,"minecraft:leather_helmet":1,"supplementaries:rope":6,"minecraft:gravel":3,"minecraft:stone_axe":153,"minecraft:wooden_sword":7,"minecraft:cobblestone":127,"minecraft:andesite":7,"alexsmobs:animal_dictionary":1,"twigs:pebble":1},"minecraft:mined":{"byg:clover_patch":6,"byg:yellow_daffodil":1,"excavated_variants:byg_soapstone_iron_ore":5,"goodending:birch_mushroom":2,"minecraft:cobblestone_stairs":35,"minecraft:glow_lichen":2,"immersive_weathering:birch_leaf_pile":3,"minecraft:granite":142,"minecraft:grass_block":3,"excavated_variants:dripstone_iron_ore":2,"excavated_variants:granite_coal_ore":1,"woodworks:birch_chest":2,"supplementaries:rope":4,"excavated_variants:byg_soapstone_coal_ore":1,"minecraft:furnace":1,"immersive_weathering:mossy_stone":2,"minecraft:cobbled_deepslate":5,"minecraft:iron_ore":42,"byg:prairie_grass":8,"minecraft:andesite":44,"byg:allium_flower_bush":2,"minecraft:azure_bluet":1,"minecraft:pointed_dripstone":9,"minecraft:cobblestone_slab":10,"minecraft:rail":1,"excavated_variants:byg_soapstone_lapis_ore":1,"minecraft:stone":1642,"excavated_variants:byg_soapstone_gold_ore":7,"minecraft:white_wool":1,"immersive_weathering:oak_leaf_pile":20,"byg:tall_prairie_grass":9,"excavated_variants:andesite_gold_ore":2,"minecraft:oak_fence":1,"minecraft:torch":30,"galosphere:silver_ore":5,"woodworks:oak_chest":2,"minecraft:cobblestone":21,"minecraft:copper_ore":11,"minecraft:tall_grass":1,"excavated_variants:byg_soapstone_copper_ore":2,"minecraft:lapis_ore":7,"minecraft:oak_planks":1,"minecraft:diorite":266,"minecraft:wall_torch":17,"byg:soapstone":8,"minecraft:birch_log":67,"twigs:tangerine_seashell":1,"minecraft:lilac":3,"minecraft:birch_leaves":9,"minecraft:smooth_stone_slab":8,"minecraft:grass":27,"minecraft:coal_ore":94,"minecraft:oak_log":88,"minecraft:gravel":16,"minecraft:dirt":99,"byg:tall_pink_allium":1,"minecraft:cobweb":12,"minecraft:stone_bricks":3,"minecraft:polished_andesite":1,"byg:tall_allium":5,"minecraft:gold_ore":6,"minecraft:oak_leaves":3,"excavated_variants:diorite_coal_ore":7},"minecraft:custom":{"minecraft:mob_kills":27,"minecraft:interact_with_crafting_table":39,"goblintraders:trade_with_goblin":62,"minecraft:interact_with_campfire":4,"minecraft:leave_game":2,"minecraft:time_since_death":42520,"minecraft:climb_one_cm":2338,"minecraft:sprint_one_cm":479971,"minecraft:walk_one_cm":460762,"minecraft:damage_blocked_by_shield":30,"minecraft:drop":22,"minecraft:play_time":232110,"minecraft:deaths":6,"minecraft:sneak_time":18360,"minecraft:walk_under_water_one_cm":7823,"minecraft:jump":2953,"minecraft:walk_on_water_one_cm":20790,"minecraft:total_world_time":232110,"minecraft:interact_with_furnace":60,"minecraft:time_since_rest":42559,"minecraft:damage_taken":2450,"minecraft:damage_dealt":6681,"minecraft:swim_one_cm":7590,"minecraft:fly_one_cm":328872,"minecraft:open_chest":86,"minecraft:crouch_one_cm":44074,"minecraft:fall_one_cm":52995},"minecraft:picked_up":{"minecraft:charcoal":20,"minecraft:crafting_table":1,"byg:soapstone":7,"minecraft:azure_bluet":1,"minecraft:string":12,"minecraft:raw_copper":30,"minecraft:wooden_sword":1,"minecraft:smooth_stone_slab":8,"woodworks:oak_chest":2,"minecraft:cobbled_deepslate":5,"delightful:acorn":4,"twigs:pebble":2,"minecraft:beef":6,"minecraft:cobblestone_slab":12,"minecraft:poppy":2,"supplementaries:rope":5,"minecraft:birch_sapling":10,"byg:yellow_daffodil":1,"minecraft:furnace":1,"minecraft:raw_iron":49,"minecraft:stick":3,"minecraft:torch":52,"minecraft:porkchop":2,"minecraft:pointed_dripstone":3,"minecraft:diorite":266,"minecraft:arrow":3,"minecraft:rotten_flesh":3,"minecraft:rail":2,"minecraft:cobblestone":1660,"minecraft:mutton":5,"twigs:tangerine_seashell":2,"environmental:duck":1,"minecraft:white_wool":3,"minecraft:birch_log":67,"woodworks:birch_chest":2,"minecraft:feather":2,"minecraft:lilac":1,"minecraft:andesite":44,"minecraft:leather":5,"alexsmobs:bear_fur":2,"minecraft:flint":4,"minecraft:oak_log":88,"minecraft:cobblestone_stairs":35,"minecraft:lapis_lazuli":39,"minecraft:dirt":98,"minecraft:cooked_mutton":3,"minecraft:bone":9,"minecraft:wheat_seeds":2,"minecraft:raw_gold":15,"galosphere:raw_silver":5,"twigs:twig":18,"minecraft:cooked_porkchop":1,"minecraft:gravel":88,"minecraft:grass_block":2,"minecraft:polished_andesite":1,"byg:tall_allium":2,"minecraft:granite":142,"minecraft:oak_sapling":21,"minecraft:coal":102,"minecraft:black_wool":1,"goodending:birch_mushroom":2,"minecraft:ender_pearl":1},"minecraft:crafted":{"minecraft:oak_planks":136,"minecraft:cobblestone_slab":18,"sculked:polished_stone":4,"minecraft:furnace":10,"minecraft:stone":6,"minecraft:cobblestone_stairs":160,"shieldexp:iron_shield":1,"minecraft:cooked_mutton":2,"minecraft:iron_boots":1,"minecraft:iron_axe":1,"minecraft:stone_pickaxe":17,"minecraft:cooked_beef":6,"woodworks:birch_chest":7,"minecraft:emerald":16,"minecraft:crafting_table":1,"minecraft:iron_helmet":1,"minecraft:wooden_pickaxe":1,"minecraft:leather_helmet":1,"minecraft:birch_planks":56,"minecraft:stone_axe":1,"minecraft:air":0,"woodworks:oak_chest":7,"minecraft:iron_chestplate":1,"minecraft:charcoal":106,"minecraft:stick":118,"minecraft:flint":64,"minecraft:iron_ingot":60,"minecraft:iron_pickaxe":4,"minecraft:stone_sword":1,"minecraft:gold_ingot":15,"minecraft:iron_shovel":1,"minecraft:iron_leggings":1,"minecraft:torch":268},"minecraft:killed_by":{"minecraft:creeper":1,"minecraft:enderman":3,"minecraft:skeleton":2},"minecraft:killed":{"environmental:duck":1,"minecraft:spider":4,"minecraft:skeleton":6,"minecraft:pig":2,"alexsmobs:grizzly_bear":1,"minecraft:sheep":3,"minecraft:zombie":4,"minecraft:cow":3,"minecraft:enderman":2},"minecraft:dropped":{"minecraft:wheat_seeds":2,"minecraft:cooked_beef":3,"minecraft:lilac":1,"minecraft:oak_log":1,"minecraft:rail":2,"minecraft:stick":1,"twigs:pebble":1,"minecraft:diorite":2,"minecraft:torch":20,"minecraft:wooden_sword":1,"minecraft:smooth_stone_slab":8,"minecraft:pointed_dripstone":3,"minecraft:rotten_flesh":2,"byg:tall_allium":2,"byg:yellow_daffodil":1,"twigs:tangerine_seashell":2,"minecraft:poppy":2,"minecraft:stone_pickaxe":2}},"DataVersion":3120}