{"stats":{"minecraft:broken":{"minecraft:stone_pickaxe":15,"minecraft:stone_axe":1,"minecraft:iron_pickaxe":1},"minecraft:used":{"minecraft:stone_sword":46,"minecraft:iron_shovel":1,"woodworks:oak_chest":6,"minecraft:shield":2,"minecraft:stone":4,"minecraft:torch":187,"minecraft:dirt":4,"minecraft:granite":15,"minecraft:azure_bluet":1,"minecraft:iron_axe":51,"minecraft:grass_block":1,"woodworks:birch_chest":1,"minecraft:furnace":5,"minecraft:cooked_beef":3,"minecraft:cobbled_deepslate":3,"minecraft:iron_leggings":1,"minecraft:cooked_mutton":2,"minecraft:diorite":41,"minecraft:cobblestone_stairs":147,"minecraft:stone_pickaxe":1997,"minecraft:oak_planks":9,"minecraft:wooden_pickaxe":12,"minecraft:cobblestone_slab":23,"minecraft:white_wool":1,"minecraft:crafting_table":1,"minecraft:bread":17,"minecraft:iron_pickaxe":438,"minecraft:leather_helmet":1,"minecraft:gravel":3,"minecraft:stone_axe":153,"minecraft:wooden_sword":7,"minecraft:cobblestone":115,"minecraft:andesite":7,"alexsmobs:animal_dictionary":1},"minecraft:mined":{"byg:clover_patch":6,"byg:yellow_daffodil":1,"goodending:birch_mushroom":2,"minecraft:cobblestone_stairs":35,"minecraft:glow_lichen":1,"immersive_weathering:birch_leaf_pile":3,"minecraft:granite":141,"minecraft:grass_block":3,"excavated_variants:granite_coal_ore":1,"woodworks:birch_chest":1,"minecraft:furnace":1,"immersive_weathering:mossy_stone":2,"minecraft:cobbled_deepslate":5,"minecraft:iron_ore":27,"byg:prairie_grass":8,"minecraft:andesite":44,"byg:allium_flower_bush":2,"minecraft:azure_bluet":1,"minecraft:cobblestone_slab":10,"minecraft:stone":1640,"minecraft:white_wool":1,"immersive_weathering:oak_leaf_pile":20,"byg:tall_prairie_grass":9,"minecraft:torch":29,"galosphere:silver_ore":4,"woodworks:oak_chest":2,"minecraft:cobblestone":14,"minecraft:copper_ore":10,"minecraft:tall_grass":1,"minecraft:lapis_ore":6,"minecraft:diorite":266,"minecraft:wall_torch":16,"byg:soapstone":2,"minecraft:birch_log":67,"twigs:tangerine_seashell":1,"minecraft:lilac":3,"minecraft:birch_leaves":9,"minecraft:grass":24,"minecraft:coal_ore":94,"minecraft:oak_log":88,"minecraft:gravel":16,"minecraft:dirt":92,"byg:tall_pink_allium":1,"byg:tall_allium":5,"minecraft:oak_leaves":3,"excavated_variants:diorite_coal_ore":7},"minecraft:custom":{"minecraft:mob_kills":19,"minecraft:interact_with_crafting_table":33,"goblintraders:trade_with_goblin":62,"minecraft:leave_game":2,"minecraft:time_since_death":18520,"minecraft:climb_one_cm":533,"minecraft:sprint_one_cm":384385,"minecraft:walk_one_cm":401419,"minecraft:damage_blocked_by_shield":30,"minecraft:drop":11,"minecraft:play_time":208110,"minecraft:deaths":6,"minecraft:sneak_time":17104,"minecraft:walk_under_water_one_cm":6193,"minecraft:jump":2656,"minecraft:walk_on_water_one_cm":19141,"minecraft:total_world_time":208110,"minecraft:interact_with_furnace":42,"minecraft:time_since_rest":18559,"minecraft:damage_taken":2178,"minecraft:damage_dealt":4701,"minecraft:swim_one_cm":6541,"minecraft:fly_one_cm":272803,"minecraft:open_chest":65,"minecraft:crouch_one_cm":40549,"minecraft:fall_one_cm":42790},"minecraft:picked_up":{"minecraft:charcoal":20,"minecraft:crafting_table":1,"byg:soapstone":2,"minecraft:azure_bluet":1,"minecraft:raw_copper":30,"minecraft:wooden_sword":1,"woodworks:oak_chest":2,"minecraft:cobbled_deepslate":5,"delightful:acorn":4,"twigs:pebble":1,"minecraft:beef":6,"minecraft:cobblestone_slab":12,"minecraft:birch_sapling":10,"byg:yellow_daffodil":1,"minecraft:furnace":1,"minecraft:raw_iron":27,"minecraft:stick":3,"minecraft:torch":49,"minecraft:porkchop":2,"minecraft:diorite":266,"minecraft:arrow":3,"minecraft:rotten_flesh":1,"minecraft:cobblestone":1651,"minecraft:mutton":5,"twigs:tangerine_seashell":1,"environmental:duck":1,"minecraft:white_wool":3,"minecraft:birch_log":67,"woodworks:birch_chest":1,"minecraft:feather":2,"minecraft:lilac":1,"minecraft:andesite":44,"minecraft:leather":5,"alexsmobs:bear_fur":2,"minecraft:flint":4,"minecraft:oak_log":88,"minecraft:cobblestone_stairs":35,"minecraft:lapis_lazuli":29,"minecraft:dirt":91,"minecraft:bone":6,"minecraft:wheat_seeds":2,"galosphere:raw_silver":4,"twigs:twig":18,"minecraft:gravel":88,"minecraft:grass_block":2,"byg:tall_allium":2,"minecraft:granite":141,"minecraft:oak_sapling":21,"minecraft:coal":101,"minecraft:black_wool":1,"goodending:birch_mushroom":2,"minecraft:ender_pearl":1},"minecraft:crafted":{"minecraft:oak_planks":136,"minecraft:cobblestone_slab":18,"sculked:polished_stone":4,"minecraft:furnace":10,"minecraft:stone":6,"minecraft:cobblestone_stairs":160,"minecraft:cooked_mutton":2,"minecraft:iron_axe":1,"minecraft:stone_pickaxe":17,"minecraft:cooked_beef":6,"woodworks:birch_chest":7,"minecraft:emerald":16,"minecraft:crafting_table":1,"minecraft:wooden_pickaxe":1,"minecraft:leather_helmet":1,"minecraft:birch_planks":56,"minecraft:stone_axe":1,"minecraft:air":0,"woodworks:oak_chest":7,"minecraft:iron_chestplate":1,"minecraft:charcoal":106,"minecraft:stick":118,"minecraft:flint":64,"minecraft:iron_ingot":32,"minecraft:iron_pickaxe":4,"minecraft:stone_sword":1,"minecraft:iron_shovel":1,"minecraft:iron_leggings":1,"minecraft:torch":172},"minecraft:killed_by":{"minecraft:creeper":1,"minecraft:enderman":3,"minecraft:skeleton":2},"minecraft:killed":{"environmental:duck":1,"minecraft:spider":1,"minecraft:skeleton":4,"minecraft:pig":2,"alexsmobs:grizzly_bear":1,"minecraft:sheep":3,"minecraft:zombie":2,"minecraft:cow":3,"minecraft:enderman":2},"minecraft:dropped":{"minecraft:wheat_seeds":1,"minecraft:cooked_beef":3,"minecraft:lilac":1,"minecraft:oak_log":1,"minecraft:stick":1,"minecraft:torch":20,"minecraft:wooden_sword":1,"byg:tall_allium":2,"byg:yellow_daffodil":1,"minecraft:stone_pickaxe":2}},"DataVersion":3120}