{"stats":{"minecraft:used":{"minecraft:stone_pickaxe":333,"minecraft:oak_planks":9,"minecraft:wooden_pickaxe":12,"minecraft:cobblestone_slab":9,"minecraft:gravel":2,"minecraft:stone_axe":37,"minecraft:torch":8,"minecraft:wooden_sword":7,"minecraft:dirt":4,"minecraft:cobblestone":38,"minecraft:crafting_table":1,"minecraft:furnace":1,"alexsmobs:animal_dictionary":1,"minecraft:cooked_beef":1},"minecraft:custom":{"minecraft:time_since_rest":25861,"minecraft:interact_with_furnace":10,"minecraft:sprint_one_cm":28191,"minecraft:damage_taken":20,"minecraft:walk_one_cm":47000,"minecraft:mob_kills":3,"minecraft:drop":1,"minecraft:damage_dealt":370,"minecraft:interact_with_crafting_table":9,"minecraft:fly_one_cm":18255,"minecraft:crouch_one_cm":14232,"minecraft:play_time":25861,"minecraft:sneak_time":6382,"minecraft:jump":343,"minecraft:walk_on_water_one_cm":99,"minecraft:time_since_death":25861,"minecraft:climb_one_cm":461,"minecraft:total_world_time":25861,"minecraft:fall_one_cm":5496},"minecraft:killed":{"minecraft:sheep":1,"minecraft:cow":2},"minecraft:broken":{"minecraft:stone_pickaxe":2},"minecraft:crafted":{"minecraft:cooked_beef":4,"minecraft:oak_planks":52,"minecraft:cobblestone_slab":18,"minecraft:charcoal":28,"minecraft:crafting_table":1,"minecraft:stick":44,"minecraft:wooden_pickaxe":1,"minecraft:stone_pickaxe":4,"minecraft:furnace":1,"minecraft:torch":108,"minecraft:stone_axe":1,"minecraft:cooked_mutton":2,"minecraft:air":0},"minecraft:picked_up":{"minecraft:birch_log":12,"minecraft:stick":1,"minecraft:andesite":1,"minecraft:leather":4,"minecraft:torch":1,"minecraft:gravel":2,"minecraft:flint":2,"minecraft:oak_log":30,"minecraft:diorite":16,"minecraft:dirt":5,"minecraft:beef":4,"minecraft:coal":25,"minecraft:oak_sapling":5,"minecraft:birch_sapling":3,"minecraft:mutton":2,"minecraft:white_wool":1,"minecraft:cobblestone":302},"minecraft:mined":{"minecraft:birch_log":12,"minecraft:andesite":1,"minecraft:birch_leaves":1,"immersive_weathering:birch_leaf_pile":2,"minecraft:coal_ore":25,"minecraft:grass_block":1,"minecraft:oak_log":30,"minecraft:gravel":4,"minecraft:dirt":7,"minecraft:cobblestone":1,"minecraft:diorite":16,"minecraft:stone":301,"minecraft:wall_torch":1,"minecraft:oak_leaves":2,"immersive_weathering:oak_leaf_pile":3},"minecraft:dropped":{"minecraft:oak_log":1}},"DataVersion":3120}