{"stats":{"minecraft:used":{"minecraft:stone_pickaxe":106,"minecraft:oak_planks":9,"minecraft:wooden_pickaxe":12,"minecraft:cobblestone_slab":9,"minecraft:gravel":2,"minecraft:stone_axe":37,"minecraft:torch":1,"minecraft:wooden_sword":7,"minecraft:dirt":4,"minecraft:cobblestone":36,"minecraft:crafting_table":1,"minecraft:furnace":1,"alexsmobs:animal_dictionary":1,"minecraft:cooked_beef":1},"minecraft:custom":{"minecraft:time_since_rest":13861,"minecraft:interact_with_furnace":7,"minecraft:sprint_one_cm":20417,"minecraft:damage_taken":20,"minecraft:walk_one_cm":38728,"minecraft:mob_kills":3,"minecraft:drop":1,"minecraft:damage_dealt":370,"minecraft:interact_with_crafting_table":5,"minecraft:fly_one_cm":15579,"minecraft:crouch_one_cm":4637,"minecraft:play_time":13861,"minecraft:sneak_time":1821,"minecraft:jump":239,"minecraft:walk_on_water_one_cm":99,"minecraft:time_since_death":13861,"minecraft:climb_one_cm":461,"minecraft:total_world_time":13861,"minecraft:fall_one_cm":5074},"minecraft:killed":{"minecraft:sheep":1,"minecraft:cow":2},"minecraft:crafted":{"minecraft:cooked_beef":4,"minecraft:oak_planks":52,"minecraft:cobblestone_slab":12,"minecraft:charcoal":12,"minecraft:crafting_table":1,"minecraft:stick":12,"minecraft:wooden_pickaxe":1,"minecraft:stone_pickaxe":1,"minecraft:furnace":1,"minecraft:torch":8,"minecraft:stone_axe":1,"minecraft:cooked_mutton":2,"minecraft:air":0},"minecraft:picked_up":{"minecraft:birch_log":12,"minecraft:stick":1,"minecraft:leather":4,"minecraft:gravel":2,"minecraft:flint":2,"minecraft:oak_log":30,"minecraft:dirt":4,"minecraft:beef":4,"minecraft:oak_sapling":5,"minecraft:birch_sapling":3,"minecraft:mutton":2,"minecraft:white_wool":1,"minecraft:cobblestone":118},"minecraft:mined":{"minecraft:birch_log":12,"minecraft:birch_leaves":1,"immersive_weathering:birch_leaf_pile":2,"minecraft:grass_block":1,"minecraft:oak_log":30,"minecraft:gravel":4,"minecraft:dirt":3,"minecraft:stone":118,"minecraft:oak_leaves":2,"immersive_weathering:oak_leaf_pile":3},"minecraft:dropped":{"minecraft:oak_log":1}},"DataVersion":3120}