{"stats":{"minecraft:used":{"minecraft:cooked_mutton":2,"minecraft:stone_sword":10,"minecraft:stone_pickaxe":1118,"minecraft:oak_planks":9,"woodworks:oak_chest":6,"minecraft:wooden_pickaxe":12,"minecraft:shield":2,"minecraft:cobblestone_slab":23,"minecraft:torch":78,"minecraft:dirt":4,"minecraft:crafting_table":1,"minecraft:granite":15,"minecraft:bread":4,"minecraft:leather_helmet":1,"minecraft:gravel":2,"minecraft:stone_axe":91,"minecraft:wooden_sword":7,"minecraft:cobblestone":44,"woodworks:birch_chest":1,"minecraft:furnace":1,"minecraft:andesite":5,"alexsmobs:animal_dictionary":1,"minecraft:cooked_beef":1,"minecraft:cobbled_deepslate":3,"minecraft:iron_leggings":1},"minecraft:custom":{"minecraft:interact_with_furnace":13,"minecraft:mob_kills":8,"minecraft:interact_with_crafting_table":17,"goblintraders:trade_with_goblin":25,"minecraft:time_since_death":8738,"minecraft:climb_one_cm":461,"minecraft:time_since_rest":8773,"minecraft:sprint_one_cm":131746,"minecraft:damage_taken":719,"minecraft:walk_one_cm":159214,"minecraft:damage_blocked_by_shield":30,"minecraft:drop":6,"minecraft:damage_dealt":1771,"minecraft:fly_one_cm":58761,"minecraft:open_chest":32,"minecraft:crouch_one_cm":23198,"minecraft:play_time":79861,"minecraft:deaths":2,"minecraft:sneak_time":10677,"minecraft:jump":899,"minecraft:walk_on_water_one_cm":99,"minecraft:total_world_time":79861,"minecraft:fall_one_cm":11398},"minecraft:killed":{"minecraft:sheep":1,"minecraft:skeleton":2,"minecraft:zombie":1,"minecraft:enderman":1,"minecraft:cow":3},"minecraft:broken":{"minecraft:stone_pickaxe":8},"minecraft:killed_by":{"minecraft:skeleton":1,"minecraft:enderman":1},"minecraft:crafted":{"minecraft:cooked_beef":4,"woodworks:birch_chest":7,"minecraft:oak_planks":136,"minecraft:cobblestone_slab":18,"minecraft:emerald":11,"minecraft:crafting_table":1,"minecraft:wooden_pickaxe":1,"minecraft:furnace":1,"minecraft:leather_helmet":1,"minecraft:birch_planks":56,"minecraft:stone_axe":1,"minecraft:cooked_mutton":2,"minecraft:air":0,"woodworks:oak_chest":7,"minecraft:charcoal":28,"minecraft:stick":70,"minecraft:iron_ingot":28,"minecraft:iron_pickaxe":3,"minecraft:stone_pickaxe":13,"minecraft:stone_sword":1,"minecraft:iron_leggings":1,"minecraft:torch":108},"minecraft:picked_up":{"minecraft:birch_log":26,"woodworks:birch_chest":1,"minecraft:crafting_table":1,"minecraft:andesite":11,"minecraft:leather":5,"minecraft:flint":2,"minecraft:oak_log":51,"minecraft:dirt":39,"minecraft:raw_copper":26,"minecraft:wooden_sword":1,"woodworks:oak_chest":2,"minecraft:bone":2,"minecraft:cobbled_deepslate":5,"delightful:acorn":1,"minecraft:beef":6,"minecraft:cobblestone_slab":8,"twigs:twig":1,"minecraft:birch_sapling":5,"minecraft:raw_iron":14,"minecraft:stick":1,"minecraft:torch":11,"minecraft:gravel":32,"minecraft:diorite":41,"minecraft:grass_block":1,"minecraft:rotten_flesh":1,"minecraft:granite":99,"minecraft:oak_sapling":7,"minecraft:mutton":2,"minecraft:coal":25,"minecraft:white_wool":1,"minecraft:cobblestone":875},"minecraft:mined":{"minecraft:glow_lichen":1,"minecraft:torch":8,"immersive_weathering:birch_leaf_pile":2,"minecraft:granite":99,"minecraft:grass_block":1,"woodworks:oak_chest":2,"minecraft:copper_ore":9,"minecraft:cobblestone":3,"minecraft:diorite":41,"minecraft:wall_torch":3,"woodworks:birch_chest":1,"minecraft:iron_ore":14,"minecraft:birch_log":26,"minecraft:cobbled_deepslate":5,"minecraft:birch_leaves":1,"minecraft:andesite":11,"minecraft:grass":5,"minecraft:oak_log":51,"minecraft:coal_ore":25,"minecraft:cobblestone_slab":7,"minecraft:gravel":6,"minecraft:dirt":41,"minecraft:stone":872,"minecraft:oak_leaves":2,"immersive_weathering:oak_leaf_pile":5},"minecraft:dropped":{"minecraft:cooked_beef":3,"minecraft:oak_log":1,"minecraft:torch":20,"minecraft:wooden_sword":1,"minecraft:stone_pickaxe":2}},"DataVersion":3120}