{"stats":{"minecraft:broken":{"minecraft:stone_pickaxe":15,"minecraft:stone_axe":1,"minecraft:iron_pickaxe":2},"minecraft:used":{"minecraft:stone_sword":69,"minecraft:iron_shovel":293,"woodworks:oak_chest":6,"minecraft:shield":2,"minecraft:stone":4,"minecraft:torch":232,"minecraft:dirt":11,"minecraft:granite":15,"minecraft:azure_bluet":1,"minecraft:iron_axe":121,"minecraft:grass_block":1,"woodworks:birch_chest":6,"minecraft:furnace":5,"minecraft:cooked_beef":3,"minecraft:cobbled_deepslate":3,"minecraft:iron_leggings":1,"minecraft:cooked_mutton":2,"minecraft:diorite":41,"minecraft:cobblestone_stairs":147,"minecraft:stone_pickaxe":1997,"minecraft:oak_planks":18,"minecraft:wooden_pickaxe":12,"minecraft:cobblestone_slab":23,"minecraft:white_wool":1,"minecraft:crafting_table":1,"decorative_blocks:chandelier":1,"minecraft:bread":31,"minecraft:iron_pickaxe":546,"minecraft:leather_helmet":1,"supplementaries:rope":6,"minecraft:gravel":3,"minecraft:stone_axe":153,"minecraft:wooden_sword":7,"minecraft:cobblestone":132,"minecraft:andesite":7,"alexsmobs:animal_dictionary":1,"twigs:pebble":1},"minecraft:mined":{"byg:clover_patch":6,"byg:yellow_daffodil":1,"excavated_variants:byg_soapstone_iron_ore":5,"goodending:birch_mushroom":2,"minecraft:cobblestone_stairs":35,"minecraft:glow_lichen":2,"immersive_weathering:birch_leaf_pile":3,"minecraft:granite":142,"minecraft:grass_block":228,"excavated_variants:dripstone_iron_ore":2,"excavated_variants:granite_coal_ore":1,"woodworks:birch_chest":2,"supplementaries:rope":5,"excavated_variants:byg_soapstone_coal_ore":1,"minecraft:furnace":1,"immersive_weathering:mossy_stone":2,"minecraft:cobbled_deepslate":5,"minecraft:iron_ore":42,"byg:prairie_grass":8,"minecraft:andesite":44,"byg:allium_flower_bush":2,"minecraft:azure_bluet":1,"minecraft:pointed_dripstone":9,"minecraft:cobblestone_slab":10,"minecraft:rail":1,"excavated_variants:byg_soapstone_lapis_ore":1,"minecraft:stone":1649,"excavated_variants:byg_soapstone_gold_ore":7,"minecraft:white_wool":1,"immersive_weathering:oak_leaf_pile":40,"byg:tall_prairie_grass":9,"minecraft:deepslate_redstone_ore":10,"excavated_variants:andesite_gold_ore":2,"minecraft:oak_fence":1,"minecraft:torch":30,"galosphere:silver_ore":5,"woodworks:oak_chest":2,"minecraft:cobblestone":24,"minecraft:copper_ore":11,"minecraft:tall_grass":1,"excavated_variants:byg_soapstone_copper_ore":2,"minecraft:lapis_ore":7,"minecraft:oak_planks":2,"minecraft:diorite":266,"minecraft:wall_torch":19,"byg:soapstone":8,"minecraft:birch_log":91,"twigs:tangerine_seashell":1,"minecraft:lilac":3,"minecraft:birch_leaves":9,"immersive_weathering:humus":2,"minecraft:smooth_stone_slab":8,"minecraft:grass":55,"minecraft:coal_ore":94,"minecraft:oak_log":99,"minecraft:gravel":23,"minecraft:dirt":113,"byg:tall_pink_allium":1,"minecraft:cobweb":12,"minecraft:stone_bricks":3,"minecraft:polished_andesite":1,"byg:tall_allium":5,"minecraft:deepslate":2,"minecraft:gold_ore":6,"minecraft:oak_leaves":3,"excavated_variants:diorite_coal_ore":7},"minecraft:custom":{"minecraft:mob_kills":29,"minecraft:interact_with_crafting_table":40,"goblintraders:trade_with_goblin":62,"minecraft:interact_with_campfire":4,"minecraft:leave_game":3,"minecraft:time_since_death":64903,"minecraft:climb_one_cm":2338,"minecraft:sprint_one_cm":541670,"minecraft:walk_one_cm":533929,"minecraft:damage_blocked_by_shield":30,"minecraft:drop":29,"minecraft:play_time":254493,"minecraft:deaths":6,"minecraft:sneak_time":20153,"minecraft:walk_under_water_one_cm":10485,"minecraft:jump":3272,"minecraft:walk_on_water_one_cm":30107,"minecraft:total_world_time":254493,"minecraft:interact_with_furnace":62,"minecraft:time_since_rest":64942,"minecraft:damage_taken":2620,"minecraft:damage_dealt":7054,"minecraft:swim_one_cm":27460,"minecraft:fly_one_cm":376162,"minecraft:open_chest":96,"minecraft:crouch_one_cm":54972,"minecraft:fall_one_cm":58738},"minecraft:picked_up":{"minecraft:charcoal":20,"minecraft:crafting_table":1,"byg:soapstone":7,"minecraft:azure_bluet":1,"minecraft:string":12,"minecraft:raw_copper":30,"spirit:broken_spawner":1,"minecraft:wooden_sword":1,"minecraft:smooth_stone_slab":8,"woodworks:oak_chest":2,"minecraft:cobbled_deepslate":10,"delightful:acorn":5,"twigs:pebble":3,"minecraft:beef":6,"minecraft:cobblestone_slab":12,"minecraft:poppy":2,"supplementaries:rope":6,"minecraft:birch_sapling":10,"byg:yellow_daffodil":1,"minecraft:furnace":1,"minecraft:raw_iron":49,"minecraft:stick":5,"sculked:deep_earth":44,"minecraft:torch":54,"minecraft:porkchop":2,"minecraft:pointed_dripstone":3,"minecraft:diorite":266,"minecraft:redstone":47,"minecraft:arrow":5,"minecraft:rotten_flesh":3,"minecraft:rail":2,"minecraft:cobblestone":1676,"minecraft:mutton":5,"twigs:tangerine_seashell":2,"environmental:duck":1,"minecraft:white_wool":3,"minecraft:birch_log":91,"woodworks:birch_chest":2,"minecraft:feather":2,"minecraft:lilac":1,"minecraft:andesite":44,"minecraft:leather":5,"alexsmobs:bear_fur":2,"minecraft:flint":5,"savage_and_ravage:creeper_spores":1,"minecraft:oak_log":99,"minecraft:cobbled_deepslate_stairs":23,"minecraft:cobblestone_stairs":35,"minecraft:lapis_lazuli":39,"minecraft:dirt":337,"minecraft:cooked_mutton":6,"minecraft:bone":9,"minecraft:wheat_seeds":13,"minecraft:raw_gold":15,"galosphere:raw_silver":5,"twigs:twig":22,"minecraft:oak_planks":1,"minecraft:cooked_porkchop":1,"minecraft:dandelion":1,"minecraft:gravel":92,"ecologics:coconut_husk":1,"minecraft:grass_block":2,"minecraft:polished_andesite":1,"byg:tall_allium":2,"minecraft:granite":142,"minecraft:oak_sapling":24,"minecraft:coal":102,"minecraft:black_wool":1,"goodending:birch_mushroom":2,"minecraft:ender_pearl":1},"minecraft:crafted":{"minecraft:oak_planks":180,"minecraft:cobblestone_slab":18,"sculked:polished_stone":4,"minecraft:furnace":10,"minecraft:stone":6,"minecraft:cobblestone_stairs":160,"decorative_blocks:chandelier":1,"shieldexp:iron_shield":1,"minecraft:cooked_mutton":2,"minecraft:iron_boots":1,"minecraft:iron_axe":1,"minecraft:stone_pickaxe":17,"minecraft:cooked_beef":6,"woodworks:birch_chest":7,"minecraft:emerald":16,"minecraft:crafting_table":1,"minecraft:iron_helmet":1,"minecraft:wooden_pickaxe":1,"minecraft:leather_helmet":1,"minecraft:birch_planks":56,"minecraft:stone_axe":1,"minecraft:air":0,"woodworks:oak_chest":7,"minecraft:iron_chestplate":1,"minecraft:charcoal":106,"minecraft:stick":124,"minecraft:flint":64,"minecraft:iron_ingot":63,"minecraft:iron_pickaxe":4,"minecraft:stone_sword":1,"minecraft:gold_ingot":15,"minecraft:iron_shovel":1,"minecraft:iron_leggings":1,"minecraft:torch":268},"minecraft:killed_by":{"minecraft:creeper":1,"minecraft:enderman":3,"minecraft:skeleton":2},"minecraft:killed":{"environmental:duck":1,"minecraft:spider":4,"minecraft:skeleton":7,"minecraft:pig":2,"alexsmobs:grizzly_bear":1,"minecraft:sheep":3,"alexsmobs:cockroach":1,"minecraft:zombie":4,"minecraft:cow":3,"minecraft:enderman":2},"minecraft:dropped":{"minecraft:iron_ingot":3,"minecraft:wheat_seeds":2,"minecraft:cooked_beef":3,"minecraft:lilac":1,"minecraft:oak_log":1,"minecraft:rail":2,"minecraft:stick":3,"twigs:pebble":1,"minecraft:diorite":2,"minecraft:torch":20,"minecraft:wooden_sword":1,"minecraft:smooth_stone_slab":8,"minecraft:pointed_dripstone":3,"minecraft:rotten_flesh":2,"byg:tall_allium":2,"minecraft:cooked_mutton":6,"byg:yellow_daffodil":1,"twigs:tangerine_seashell":2,"minecraft:poppy":2,"minecraft:stone_pickaxe":2}},"DataVersion":3120}