{"stats":{"minecraft:killed_by":{"minecraft:creeper":2,"minecraft:vindicator":6,"minecraft:cave_spider":5,"minecraft:zombie":1,"rottencreatures:immortal":3,"minecraft:player":1,"minecraft:enderman":4,"minecraft:skeleton":4},"minecraft:dropped":{"minecraft:iron_sword":2,"minecraft:cooked_beef":3,"minecraft:oak_log":1,"minecraft:diamond":1,"minecraft:rail":2,"minecraft:leather_helmet":1,"minecraft:flint":4,"twigs:pebble":2,"minecraft:dirt":168,"minecraft:cornflower":1,"minecraft:wooden_sword":1,"minecraft:iron_pickaxe":2,"minecraft:gravel":6,"minecraft:cooked_chicken":28,"spirit:broken_spawner":5,"minecraft:pointed_dripstone":3,"minecraft:rotten_flesh":15,"minecraft:oak_planks":192,"minecraft:cooked_mutton":8,"minecraft:white_bed":1,"byg:yellow_daffodil":1,"minecraft:poppy":2,"supplementaries:flax_seeds":3,"supplementaries:ash":1,"minecraft:leather_boots":1,"environmental:cooked_venison":3,"minecraft:iron_bars":6,"minecraft:arrow":10,"minecraft:stone_brick_stairs":1,"minecraft:iron_ingot":3,"minecraft:bread":22,"minecraft:wheat_seeds":16,"minecraft:lilac":1,"minecraft:dripstone_block":1,"vinery:cherry_wine":2,"minecraft:lead":2,"minecraft:iron_helmet":1,"minecraft:feather":2,"minecraft:cobblestone":21,"minecraft:apple":2,"minecraft:granite":4,"minecraft:stick":4,"minecraft:pufferfish":1,"minecraft:diorite":6,"minecraft:torch":25,"byg:soapstone":4,"minecraft:cooked_salmon":3,"minecraft:iron_axe":1,"minecraft:iron_shovel":2,"minecraft:dandelion":2,"twigs:petrified_lichen":1,"minecraft:smooth_stone_slab":8,"minecraft:tuff":2,"byg:tall_allium":2,"galosphere:silver_nugget":1,"twigs:tangerine_seashell":2,"minecraft:andesite":6,"minecraft:mossy_stone_bricks":2,"minecraft:oak_boat":1,"minecraft:wooden_shovel":1,"minecraft:spider_eye":3,"minecraft:stone_bricks":17,"minecraft:stone_pickaxe":2,"minecraft:black_wool":1},"minecraft:mined":{"minecraft:large_amethyst_bud":3,"minecraft:white_bed":1,"sculked:deep_earth":10,"byg:yellow_daffodil":1,"quark:diorite_bricks":2,"minecraft:cobblestone_stairs":35,"quark:granite_bricks":3,"minecraft:granite":149,"minecraft:budding_amethyst":4,"minecraft:grass_block":342,"excavated_variants:dripstone_iron_ore":2,"sod:dirt_sod_stairs":1,"woodworks:birch_chest":11,"minecraft:spawner":6,"excavated_variants:byg_soapstone_coal_ore":4,"minecraft:iron_ore":53,"immersive_weathering:mossy_stone":2,"minecraft:cobbled_deepslate":25,"minecraft:fire":4,"byg:prairie_grass":8,"minecraft:azure_bluet":3,"minecraft:pointed_dripstone":9,"minecraft:iron_bars":6,"excavated_variants:byg_soapstone_lapis_ore":1,"excavated_variants:byg_soapstone_gold_ore":7,"immersive_weathering:oak_leaf_pile":52,"byg:tall_prairie_grass":9,"vinery:cherry_wine":7,"minecraft:deepslate_redstone_ore":54,"supplementaries:book_pile":1,"minecraft:medium_amethyst_bud":3,"immersive_weathering:spruce_leaf_pile":1,"minecraft:amethyst_cluster":9,"minecraft:torch":40,"minecraft:calcite":2,"galosphere:silver_ore":5,"minecraft:cobblestone":25,"minecraft:white_candle":1,"excavated_variants:byg_soapstone_copper_ore":2,"minecraft:oak_planks":51,"minecraft:iron_door":1,"minecraft:wall_torch":38,"minecraft:amethyst_block":31,"minecraft:skeleton_skull":1,"excavated_variants:twigs_rhyolite_iron_ore":7,"byg:soapstone":33,"minecraft:birch_log":92,"minecraft:lilac":3,"immersive_weathering:humus":2,"minecraft:stone_brick_stairs":2,"minecraft:smooth_stone_slab":8,"minecraft:grass":77,"minecraft:oak_log":131,"minecraft:dirt":487,"minecraft:smooth_basalt":4,"twigs:rhyolite":10,"minecraft:oak_leaves":9,"minecraft:deepslate":409,"minecraft:deepslate_tiles":7,"minecraft:tuff":54,"byg:clover_patch":6,"excavated_variants:byg_soapstone_iron_ore":5,"goodending:birch_mushroom":2,"minecraft:glow_lichen":2,"immersive_weathering:birch_leaf_pile":8,"excavated_variants:twigs_rhyolite_redstone_ore":5,"excavated_variants:granite_coal_ore":2,"another_furniture:oak_chair":3,"supplementaries:rope":5,"minecraft:furnace":17,"excavated_variants:twigs_rhyolite_diamond_ore":1,"minecraft:andesite":49,"byg:allium_flower_bush":2,"minecraft:gold_block":1,"minecraft:bookshelf":27,"farmersdelight:rope":2,"minecraft:deepslate_iron_ore":9,"minecraft:cobblestone_slab":10,"minecraft:rail":1,"minecraft:green_candle":1,"minecraft:stone":1706,"minecraft:white_wool":1,"excavated_variants:andesite_gold_ore":2,"galosphere:deepslate_silver_ore":3,"minecraft:oak_fence":1,"minecraft:crafting_table":2,"minecraft:oak_wood":34,"woodworks:oak_chest":7,"minecraft:copper_ore":11,"minecraft:tall_grass":8,"minecraft:lapis_ore":7,"minecraft:deepslate_gold_ore":3,"minecraft:diorite":267,"excavated_variants:tuff_gold_ore":4,"twigs:tangerine_seashell":1,"minecraft:black_wall_banner":1,"minecraft:birch_leaves":9,"decorative_blocks:chandelier":3,"minecraft:coal_ore":115,"minecraft:gravel":26,"byg:tall_pink_allium":1,"minecraft:cobweb":60,"minecraft:cracked_stone_bricks":2,"minecraft:oak_button":2,"minecraft:stone_bricks":8,"minecraft:polished_andesite":1,"byg:tall_allium":5,"minecraft:gold_ore":6,"excavated_variants:andesite_coal_ore":1,"excavated_variants:granite_iron_ore":7,"excavated_variants:diorite_coal_ore":10},"minecraft:killed":{"minecraft:cave_spider":18,"minecraft:spider":16,"minecraft:skeleton":18,"rottencreatures:zap":3,"ecologics:coconut_crab":1,"minecraft:illusioner":1,"minecraft:pig":2,"alexsmobs:grizzly_bear":1,"minecraft:zombie_villager":1,"minecraft:creeper":1,"minecraft:sheep":7,"minecraft:pillager":6,"minecraft:zombie":23,"environmental:deer":4,"minecraft:cow":3,"environmental:duck":1,"vinery:mule":1,"vinery:wandering_winemaker":1,"rottencreatures:undead_miner":1,"alexsmobs:cockroach":1,"minecraft:enderman":4},"minecraft:crafted":{"minecraft:oak_planks":808,"minecraft:cobblestone_slab":18,"aether:iron_ring":1,"galosphere:amethyst_bricks":28,"minecraft:cooked_chicken":64,"minecraft:lightning_rod":1,"another_furniture:oak_chair":6,"minecraft:stone":6,"minecraft:cobblestone_stairs":160,"decorative_blocks:chandelier":6,"shieldexp:iron_shield":1,"minecraft:cooked_mutton":8,"minecraft:iron_boots":1,"twigs:oak_table":4,"galosphere:smooth_amethyst":28,"minecraft:oak_fence":24,"minecraft:oak_slab":12,"minecraft:emerald":16,"minecraft:crafting_table":2,"minecraft:wooden_pickaxe":1,"minecraft:iron_helmet":1,"minecraft:copper_ingot":30,"minecraft:birch_planks":64,"quark:granite_bricks":124,"minecraft:iron_chestplate":1,"minecraft:charcoal":106,"minecraft:stick":180,"minecraft:iron_ingot":69,"minecraft:iron_pickaxe":4,"minecraft:stone_sword":1,"environmental:cooked_venison":2,"minecraft:gold_ingot":21,"minecraft:deepslate_bricks":96,"minecraft:oak_door":3,"sculked:polished_stone":4,"minecraft:fishing_rod":1,"minecraft:furnace":10,"quark:diorite_bricks":220,"sod:dirt_sod_stairs":240,"minecraft:polished_diorite":220,"minecraft:polished_deepslate":100,"minecraft:iron_axe":2,"minecraft:stone_pickaxe":17,"minecraft:cooked_beef":6,"minecraft:cooked_cod":3,"woodworks:birch_chest":7,"vinery:cherry_wine":8,"minecraft:iron_sword":1,"minecraft:cooked_salmon":3,"minecraft:polished_granite":124,"minecraft:leather_helmet":1,"minecraft:deepslate_tiles":96,"minecraft:stone_axe":1,"minecraft:air":0,"woodworks:oak_chest":8,"minecraft:oak_boat":1,"minecraft:golden_apple":1,"minecraft:flint":64,"windswept:wooden_bucket":1,"minecraft:iron_leggings":1,"minecraft:iron_shovel":4,"minecraft:white_bed":2,"minecraft:torch":296},"minecraft:picked_up":{"minecraft:lead":5,"minecraft:stone_brick_stairs":2,"minecraft:amethyst_block":31,"minecraft:string":87,"minecraft:raw_copper":30,"spirit:broken_spawner":7,"minecraft:smooth_stone_slab":8,"minecraft:pufferfish":1,"woodworks:oak_chest":6,"minecraft:deepslate_tiles":7,"minecraft:cobbled_deepslate":318,"twigs:pebble":3,"delightful:acorn":6,"minecraft:cobblestone_slab":12,"minecraft:wooden_shovel":1,"minecraft:iron_pickaxe":1,"minecraft:furnace":17,"ecologics:crab_claw":1,"byg:yellow_daffodil":1,"minecraft:stick":6,"sculked:deep_earth":53,"minecraft:torch":81,"minecraft:porkchop":2,"minecraft:pointed_dripstone":4,"minecraft:diorite":270,"quark:ancient_tome":1,"minecraft:rotten_flesh":22,"farmersdelight:rope":2,"environmental:cooked_venison":3,"supplementaries:ash":1,"twigs:tangerine_seashell":2,"minecraft:iron_bars":6,"minecraft:cod":4,"minecraft:cobblestone":1765,"minecraft:birch_log":92,"decorative_blocks:chandelier":2,"woodworks:birch_chest":11,"minecraft:feather":2,"minecraft:lilac":1,"minecraft:iron_door":1,"minecraft:andesite":58,"alexsmobs:bear_fur":2,"minecraft:flint":5,"minecraft:tuff":41,"supplementaries:flax_seeds":3,"minecraft:lapis_lazuli":39,"minecraft:dirt":962,"minecraft:bone":17,"minecraft:bow":1,"minecraft:wheat_seeds":20,"minecraft:green_candle":2,"minecraft:raw_gold":22,"minecraft:mossy_stone_bricks":4,"twigs:twig":29,"minecraft:glowstone_dust":3,"galosphere:raw_silver":8,"sod:dirt_sod_stairs":1,"minecraft:oak_planks":46,"vinery:cherry_wine":8,"minecraft:cooked_porkchop":1,"ecologics:coconut_husk":1,"minecraft:grass_block":3,"galosphere:silver_nugget":6,"environmental:venison":5,"minecraft:polished_andesite":1,"minecraft:white_candle":3,"minecraft:diamond":1,"minecraft:grass":1,"minecraft:crossbow":1,"minecraft:granite":161,"minecraft:emerald":1,"minecraft:rooted_dirt":6,"minecraft:oak_sapling":25,"twigs:rhyolite":10,"goodending:birch_mushroom":2,"minecraft:crafting_table":3,"minecraft:charcoal":160,"byg:soapstone":30,"twigs:petrified_lichen":3,"minecraft:azure_bluet":3,"friendsandfoes:totem_of_illusion":1,"minecraft:gold_block":1,"another_furniture:oak_chair":3,"minecraft:cornflower":1,"minecraft:iron_axe":2,"minecraft:wooden_sword":1,"minecraft:iron_shovel":2,"minecraft:beef":6,"minecraft:oak_boat":1,"minecraft:poppy":2,"supplementaries:rope":6,"minecraft:birch_sapling":10,"minecraft:raw_iron":83,"minecraft:copper_ingot":12,"minecraft:music_disc_11":1,"minecraft:redstone":255,"minecraft:arrow":24,"minecraft:saddle":1,"minecraft:black_banner":1,"minecraft:mutton":11,"minecraft:rail":2,"environmental:duck":1,"minecraft:skeleton_skull":1,"minecraft:white_wool":7,"minecraft:salmon":3,"minecraft:leather":8,"quark:diorite_bricks":2,"savage_and_ravage:creeper_spores":1,"minecraft:oak_log":131,"quark:granite_bricks":3,"minecraft:cobbled_deepslate_stairs":23,"minecraft:cobblestone_stairs":35,"minecraft:white_banner":1,"environmental:healer_pouch":1,"minecraft:cooked_mutton":6,"vinery:wine_bottle":2,"minecraft:stone_bricks":17,"minecraft:apple":3,"minecraft:cobweb":4,"minecraft:iron_sword":2,"minecraft:book":81,"minecraft:dandelion":2,"minecraft:dripstone_block":2,"minecraft:gravel":95,"minecraft:amethyst_shard":39,"minecraft:white_bed":1,"minecraft:spider_eye":8,"minecraft:oak_wood":34,"byg:tall_allium":2,"minecraft:iron_helmet":1,"minecraft:oak_button":1,"minecraft:black_wool":2,"minecraft:coal":131,"minecraft:ender_pearl":3},"minecraft:custom":{"minecraft:interact_with_crafting_table":77,"minecraft:open_barrel":3,"goblintraders:trade_with_goblin":62,"minecraft:leave_game":4,"minecraft:time_since_death":34882,"minecraft:sprint_one_cm":1052825,"minecraft:damage_blocked_by_shield":30,"minecraft:drop":111,"minecraft:talked_to_villager":2,"minecraft:play_time":531078,"minecraft:deaths":26,"minecraft:jump":6467,"minecraft:walk_on_water_one_cm":47934,"minecraft:interact_with_furnace":99,"minecraft:traded_with_villager":8,"minecraft:sleep_in_bed":3,"minecraft:damage_dealt":28156,"minecraft:player_kills":2,"minecraft:crouch_one_cm":113071,"minecraft:horse_one_cm":9298,"minecraft:mob_kills":120,"minecraft:interact_with_campfire":4,"minecraft:damage_dealt_resisted":1657,"minecraft:climb_one_cm":4117,"minecraft:walk_one_cm":1183319,"minecraft:sneak_time":37582,"minecraft:walk_under_water_one_cm":19218,"minecraft:boat_one_cm":319517,"minecraft:total_world_time":531078,"minecraft:time_since_rest":30703,"minecraft:damage_taken":11518,"minecraft:damage_absorbed":120,"minecraft:swim_one_cm":76288,"minecraft:fly_one_cm":812030,"minecraft:open_chest":286,"minecraft:fish_caught":8,"minecraft:fall_one_cm":130225},"minecraft:broken":{"minecraft:iron_shovel":2,"minecraft:iron_boots":1,"minecraft:iron_chestplate":1,"minecraft:iron_leggings":1,"minecraft:stone_pickaxe":15,"minecraft:stone_axe":1,"environmental:thief_hood":1,"minecraft:stone_sword":1,"minecraft:golden_axe":1,"minecraft:iron_axe":3,"minecraft:iron_pickaxe":5},"minecraft:used":{"quark:ancient_tome":1,"environmental:cooked_venison":2,"minecraft:iron_shovel":779,"minecraft:shield":2,"minecraft:stone":4,"minecraft:iron_sword":258,"minecraft:tuff":13,"twigs:oak_table":4,"minecraft:azure_bluet":1,"friendsandfoes:totem_of_illusion":1,"minecraft:grass_block":1,"galosphere:amethyst_bricks":23,"woodworks:birch_chest":15,"minecraft:furnace":27,"minecraft:cooked_cod":3,"minecraft:diorite":41,"minecraft:oak_planks":363,"minecraft:stone_pickaxe":1997,"sod:dirt_sod_stairs":1,"minecraft:wooden_pickaxe":12,"another_furniture:oak_chair":7,"minecraft:white_wool":1,"minecraft:golden_apple":3,"minecraft:crossbow":2,"decorative_blocks:chandelier":7,"minecraft:lightning_rod":1,"minecraft:deepslate_tiles":98,"minecraft:bread":54,"minecraft:gravel":4,"vinery:cherry_wine":27,"minecraft:wooden_sword":7,"minecraft:andesite":7,"minecraft:birch_log":23,"ecologics:crab_claw":1,"minecraft:stone_sword":136,"woodworks:oak_chest":13,"minecraft:cooked_chicken":25,"minecraft:oak_door":2,"quark:granite_bricks":53,"minecraft:torch":353,"minecraft:dirt":14,"minecraft:oak_wood":208,"minecraft:granite":15,"minecraft:iron_axe":379,"minecraft:cooked_beef":3,"minecraft:cobbled_deepslate":76,"minecraft:golden_axe":36,"minecraft:iron_leggings":1,"minecraft:cooked_mutton":6,"minecraft:cobblestone_stairs":147,"minecraft:cobblestone_slab":23,"environmental:thief_hood":1,"minecraft:crafting_table":3,"minecraft:white_bed":2,"minecraft:cod":1,"minecraft:iron_pickaxe":1416,"minecraft:leather_helmet":1,"supplementaries:rope":6,"byg:soapstone":19,"minecraft:stone_axe":153,"minecraft:fishing_rod":25,"quark:diorite_bricks":151,"minecraft:cobblestone":181,"minecraft:cooked_porkchop":1,"alexsmobs:animal_dictionary":1,"twigs:pebble":1}},"DataVersion":3120}