{"stats":{"minecraft:used":{"minecraft:cooked_mutton":2,"minecraft:stone_sword":6,"minecraft:stone_pickaxe":542,"minecraft:oak_planks":9,"woodworks:oak_chest":6,"minecraft:wooden_pickaxe":12,"minecraft:shield":2,"minecraft:cobblestone_slab":18,"minecraft:torch":50,"minecraft:dirt":4,"minecraft:crafting_table":1,"minecraft:leather_helmet":1,"minecraft:gravel":2,"minecraft:stone_axe":81,"minecraft:wooden_sword":7,"minecraft:cobblestone":40,"woodworks:birch_chest":1,"minecraft:furnace":1,"alexsmobs:animal_dictionary":1,"minecraft:cooked_beef":1,"minecraft:cobbled_deepslate":3},"minecraft:custom":{"minecraft:interact_with_furnace":13,"minecraft:mob_kills":5,"minecraft:interact_with_crafting_table":13,"minecraft:time_since_death":11370,"minecraft:climb_one_cm":461,"minecraft:time_since_rest":11401,"minecraft:sprint_one_cm":79970,"minecraft:damage_taken":250,"minecraft:walk_one_cm":103111,"minecraft:damage_blocked_by_shield":30,"minecraft:drop":6,"minecraft:damage_dealt":1042,"minecraft:fly_one_cm":48698,"minecraft:open_chest":11,"minecraft:crouch_one_cm":18931,"minecraft:play_time":49861,"minecraft:deaths":1,"minecraft:sneak_time":9155,"minecraft:jump":716,"minecraft:walk_on_water_one_cm":99,"minecraft:total_world_time":49861,"minecraft:fall_one_cm":11187},"minecraft:killed":{"minecraft:sheep":1,"minecraft:skeleton":1,"minecraft:cow":3},"minecraft:broken":{"minecraft:stone_pickaxe":4},"minecraft:killed_by":{"minecraft:skeleton":1},"minecraft:crafted":{"minecraft:cooked_beef":4,"woodworks:birch_chest":7,"minecraft:oak_planks":112,"minecraft:cobblestone_slab":18,"minecraft:crafting_table":1,"minecraft:wooden_pickaxe":1,"minecraft:furnace":1,"minecraft:leather_helmet":1,"minecraft:birch_planks":56,"minecraft:stone_axe":1,"minecraft:cooked_mutton":2,"minecraft:air":0,"woodworks:oak_chest":7,"minecraft:charcoal":28,"minecraft:stick":48,"minecraft:stone_pickaxe":7,"minecraft:stone_sword":1,"minecraft:torch":108},"minecraft:picked_up":{"minecraft:birch_log":26,"woodworks:birch_chest":1,"minecraft:crafting_table":1,"minecraft:andesite":1,"minecraft:leather":5,"minecraft:flint":2,"minecraft:oak_log":45,"minecraft:dirt":13,"minecraft:raw_copper":15,"minecraft:wooden_sword":1,"woodworks:oak_chest":2,"minecraft:bone":2,"minecraft:cobbled_deepslate":5,"delightful:acorn":1,"minecraft:beef":6,"minecraft:cobblestone_slab":5,"minecraft:birch_sapling":5,"minecraft:stick":1,"minecraft:torch":6,"minecraft:gravel":16,"minecraft:diorite":16,"minecraft:oak_sapling":6,"minecraft:mutton":2,"minecraft:coal":25,"minecraft:white_wool":1,"minecraft:cobblestone":485},"minecraft:mined":{"minecraft:glow_lichen":1,"minecraft:torch":4,"immersive_weathering:birch_leaf_pile":2,"minecraft:grass_block":1,"woodworks:oak_chest":2,"minecraft:copper_ore":5,"minecraft:cobblestone":3,"minecraft:diorite":16,"minecraft:wall_torch":2,"woodworks:birch_chest":1,"minecraft:birch_log":26,"minecraft:cobbled_deepslate":5,"minecraft:birch_leaves":1,"minecraft:andesite":1,"minecraft:grass":3,"minecraft:oak_log":45,"minecraft:coal_ore":25,"minecraft:cobblestone_slab":5,"minecraft:gravel":4,"minecraft:dirt":16,"minecraft:stone":482,"minecraft:oak_leaves":2,"immersive_weathering:oak_leaf_pile":4},"minecraft:dropped":{"minecraft:cooked_beef":3,"minecraft:oak_log":1,"minecraft:torch":20,"minecraft:wooden_sword":1,"minecraft:stone_pickaxe":2}},"DataVersion":3120}