{"stats":{"minecraft:used":{"minecraft:stone_pickaxe":535,"minecraft:oak_planks":9,"minecraft:wooden_pickaxe":12,"minecraft:cobblestone_slab":9,"minecraft:gravel":2,"minecraft:stone_axe":40,"minecraft:torch":16,"minecraft:wooden_sword":7,"minecraft:dirt":4,"minecraft:cobblestone":40,"minecraft:crafting_table":1,"minecraft:furnace":1,"alexsmobs:animal_dictionary":1,"minecraft:cooked_beef":1},"minecraft:custom":{"minecraft:time_since_rest":37861,"minecraft:interact_with_furnace":11,"minecraft:sprint_one_cm":43129,"minecraft:damage_taken":20,"minecraft:walk_one_cm":63393,"minecraft:mob_kills":4,"minecraft:drop":2,"minecraft:damage_dealt":670,"minecraft:interact_with_crafting_table":11,"minecraft:fly_one_cm":28952,"minecraft:crouch_one_cm":17916,"minecraft:play_time":37861,"minecraft:sneak_time":8830,"minecraft:jump":517,"minecraft:walk_on_water_one_cm":99,"minecraft:time_since_death":37861,"minecraft:climb_one_cm":461,"minecraft:total_world_time":37861,"minecraft:fall_one_cm":8180},"minecraft:killed":{"minecraft:sheep":1,"minecraft:cow":3},"minecraft:broken":{"minecraft:stone_pickaxe":4},"minecraft:crafted":{"minecraft:cooked_beef":4,"minecraft:oak_planks":52,"minecraft:cobblestone_slab":18,"minecraft:charcoal":28,"minecraft:crafting_table":1,"minecraft:stick":48,"minecraft:wooden_pickaxe":1,"minecraft:stone_pickaxe":7,"minecraft:stone_sword":1,"minecraft:furnace":1,"minecraft:torch":108,"minecraft:stone_axe":1,"minecraft:cooked_mutton":2,"minecraft:air":0},"minecraft:picked_up":{"minecraft:birch_log":12,"minecraft:stick":1,"minecraft:andesite":1,"minecraft:leather":5,"minecraft:torch":5,"minecraft:gravel":16,"minecraft:flint":2,"minecraft:oak_log":30,"minecraft:diorite":16,"minecraft:dirt":13,"minecraft:raw_copper":15,"minecraft:wooden_sword":1,"minecraft:beef":6,"minecraft:cobblestone_slab":4,"minecraft:coal":25,"minecraft:oak_sapling":5,"minecraft:birch_sapling":3,"minecraft:mutton":2,"minecraft:white_wool":1,"minecraft:cobblestone":485},"minecraft:mined":{"minecraft:birch_log":12,"minecraft:andesite":1,"minecraft:birch_leaves":1,"minecraft:torch":4,"minecraft:glow_lichen":1,"immersive_weathering:birch_leaf_pile":2,"minecraft:coal_ore":25,"minecraft:grass_block":1,"minecraft:oak_log":30,"minecraft:cobblestone_slab":4,"minecraft:gravel":4,"minecraft:dirt":15,"minecraft:copper_ore":5,"minecraft:cobblestone":3,"minecraft:diorite":16,"minecraft:stone":482,"minecraft:wall_torch":1,"minecraft:oak_leaves":2,"immersive_weathering:oak_leaf_pile":3},"minecraft:dropped":{"minecraft:oak_log":1,"minecraft:wooden_sword":1}},"DataVersion":3120}