{"stats":{"minecraft:killed":{"minecraft:cave_spider":18,"minecraft:spider":18,"minecraft:skeleton":22,"rottencreatures:zap":3,"ecologics:coconut_crab":1,"minecraft:silverfish":2,"minecraft:illusioner":1,"minecraft:pig":2,"alexsmobs:grizzly_bear":1,"minecraft:zombie_villager":1,"minecraft:creeper":1,"minecraft:sheep":7,"minecraft:pillager":6,"minecraft:zombie":25,"environmental:deer":5,"minecraft:cow":3,"environmental:duck":1,"vinery:mule":1,"alexsmobs:bison":1,"vinery:wandering_winemaker":1,"rottencreatures:undead_miner":1,"alexsmobs:cockroach":1,"upgrade_aquatic:pike":1,"minecraft:enderman":4},"minecraft:dropped":{"minecraft:iron_sword":2,"minecraft:cooked_beef":12,"minecraft:oak_log":2,"minecraft:diamond":1,"byg:red_oak_sapling":9,"minecraft:rail":2,"minecraft:leather_helmet":1,"minecraft:flint":4,"twigs:pebble":2,"minecraft:dirt":174,"minecraft:cornflower":1,"minecraft:wooden_sword":1,"minecraft:iron_pickaxe":2,"minecraft:birch_log":1,"minecraft:bone":3,"twigs:twig":8,"minecraft:gravel":18,"upgrade_aquatic:pike":1,"minecraft:cooked_chicken":28,"spirit:broken_spawner":5,"minecraft:pointed_dripstone":3,"minecraft:rotten_flesh":16,"minecraft:oak_planks":192,"minecraft:cooked_mutton":8,"minecraft:white_bed":1,"byg:yellow_daffodil":1,"minecraft:poppy":2,"supplementaries:flax_seeds":3,"supplementaries:ash":1,"minecraft:leather_boots":1,"environmental:cooked_venison":3,"minecraft:iron_bars":6,"minecraft:arrow":13,"minecraft:stone_brick_stairs":1,"minecraft:iron_ingot":3,"minecraft:bread":22,"minecraft:wheat_seeds":16,"minecraft:lilac":1,"minecraft:dripstone_block":1,"vinery:cherry_wine":2,"minecraft:lead":2,"minecraft:iron_helmet":1,"minecraft:feather":2,"minecraft:cobblestone":21,"minecraft:apple":2,"minecraft:granite":4,"minecraft:coal":1,"minecraft:stick":6,"minecraft:pufferfish":1,"upgrade_aquatic:blue_pickerelweed":5,"minecraft:diorite":6,"minecraft:torch":25,"byg:soapstone":4,"minecraft:cooked_salmon":3,"minecraft:iron_axe":1,"minecraft:iron_shovel":2,"minecraft:paper":5,"minecraft:string":4,"minecraft:dandelion":2,"minecraft:hanging_roots":1,"twigs:petrified_lichen":1,"minecraft:smooth_stone_slab":8,"minecraft:tuff":2,"minecraft:deepslate":168,"byg:tall_allium":3,"galosphere:silver_nugget":1,"twigs:tangerine_seashell":2,"upgrade_aquatic:river_log":5,"minecraft:stone":1,"minecraft:andesite":6,"minecraft:mossy_stone_bricks":2,"minecraft:oak_boat":1,"minecraft:oak_sapling":4,"minecraft:wooden_shovel":1,"minecraft:spider_eye":3,"minecraft:stone_bricks":17,"minecraft:bow":1,"minecraft:stone_pickaxe":2,"minecraft:magma_block":1,"minecraft:black_wool":4},"minecraft:killed_by":{"minecraft:creeper":2,"minecraft:vindicator":6,"minecraft:cave_spider":5,"minecraft:zombie":1,"rottencreatures:immortal":3,"minecraft:player":1,"minecraft:enderman":4,"minecraft:skeleton":4},"minecraft:custom":{"minecraft:interact_with_crafting_table":96,"minecraft:open_barrel":5,"goblintraders:trade_with_goblin":62,"minecraft:leave_game":5,"minecraft:time_since_death":488087,"minecraft:sprint_one_cm":1536227,"minecraft:damage_blocked_by_shield":30,"minecraft:drop":148,"minecraft:talked_to_villager":10,"minecraft:play_time":984283,"minecraft:deaths":26,"minecraft:jump":9158,"minecraft:walk_on_water_one_cm":65440,"minecraft:enchant_item":51,"minecraft:interact_with_furnace":110,"minecraft:traded_with_villager":9,"minecraft:sleep_in_bed":5,"minecraft:damage_dealt":31000,"minecraft:player_kills":2,"minecraft:crouch_one_cm":120422,"minecraft:interact_with_smoker":1,"minecraft:horse_one_cm":9298,"minecraft:interact_with_anvil":37,"minecraft:mob_kills":135,"minecraft:interact_with_campfire":4,"minecraft:damage_dealt_resisted":1657,"minecraft:climb_one_cm":36243,"minecraft:walk_one_cm":1902859,"minecraft:sneak_time":40901,"minecraft:walk_under_water_one_cm":22765,"minecraft:boat_one_cm":321576,"minecraft:total_world_time":984283,"minecraft:time_since_rest":78127,"minecraft:damage_taken":12110,"minecraft:damage_absorbed":120,"minecraft:swim_one_cm":112982,"minecraft:fly_one_cm":1208819,"minecraft:open_chest":601,"minecraft:fish_caught":12,"minecraft:fall_one_cm":160767},"minecraft:broken":{"minecraft:iron_shovel":2,"minecraft:iron_boots":1,"minecraft:iron_chestplate":1,"minecraft:iron_leggings":1,"minecraft:stone_pickaxe":15,"minecraft:stone_axe":1,"environmental:thief_hood":1,"minecraft:stone_sword":1,"minecraft:golden_axe":1,"minecraft:iron_axe":3,"minecraft:iron_pickaxe":9,"minecraft:wooden_hoe":1},"minecraft:picked_up":{"minecraft:lead":5,"minecraft:oak_stairs":2,"minecraft:potion":1,"galosphere:amethyst_bricks":2,"minecraft:enchanted_book":6,"minecraft:stone_brick_stairs":2,"minecraft:amethyst_block":31,"minecraft:string":94,"minecraft:raw_copper":30,"minecraft:deepslate_lapis_ore":2,"spirit:broken_spawner":7,"minecraft:smooth_stone_slab":8,"minecraft:pufferfish":1,"woodworks:oak_chest":6,"minecraft:deepslate_tiles":7,"upgrade_aquatic:river_log":5,"minecraft:smooth_stone":6,"minecraft:cobbled_deepslate":1491,"twigs:pebble":15,"delightful:acorn":6,"minecraft:cobblestone_slab":12,"minecraft:wooden_shovel":1,"minecraft:iron_pickaxe":1,"upgrade_aquatic:mulberry":4,"minecraft:furnace":17,"ecologics:crab_claw":1,"byg:yellow_daffodil":1,"minecraft:stick":10,"sculked:deep_earth":106,"minecraft:oak_fence":3,"minecraft:torch":122,"minecraft:porkchop":2,"minecraft:pointed_dripstone":4,"minecraft:diorite":270,"excavated_variants:twigs_rhyolite_diamond_ore":3,"quark:ancient_tome":1,"minecraft:rotten_flesh":23,"farmersdelight:rope":2,"environmental:cooked_venison":10,"minecraft:bookshelf":1,"minecraft:white_terracotta":4,"supplementaries:ash":1,"villagersplus:alchemist_table":1,"minecraft:cod":7,"twigs:tangerine_seashell":2,"minecraft:iron_bars":6,"minecraft:cobblestone":1771,"minecraft:birch_log":93,"decorative_blocks:chandelier":2,"minecraft:magma_block":1,"woodworks:birch_chest":11,"minecraft:cooked_beef":9,"minecraft:feather":2,"minecraft:lilac":1,"minecraft:iron_door":1,"minecraft:andesite":58,"alexsmobs:bison_fur":3,"alexsmobs:bear_fur":2,"minecraft:flint":9,"minecraft:tuff":223,"byg:white_puffball_cap":1,"supplementaries:flax_seeds":3,"minecraft:lapis_lazuli":96,"minecraft:dirt":1283,"minecraft:hanging_roots":25,"minecraft:bone":21,"minecraft:bow":2,"minecraft:wheat_seeds":36,"minecraft:green_candle":2,"minecraft:raw_gold":22,"minecraft:mossy_stone_bricks":4,"twigs:twig":37,"minecraft:glowstone_dust":3,"galosphere:raw_silver":8,"sod:dirt_sod_stairs":1,"minecraft:oak_planks":47,"vinery:cherry_wine":8,"minecraft:cooked_porkchop":1,"ecologics:coconut_husk":1,"minecraft:grass_block":3,"galosphere:silver_nugget":6,"environmental:venison":5,"minecraft:polished_andesite":1,"minecraft:white_candle":3,"minecraft:diamond":118,"minecraft:deepslate":1514,"minecraft:deepslate_gold_ore":32,"minecraft:crossbow":1,"minecraft:granite":161,"minecraft:grass":1,"minecraft:emerald":1,"minecraft:rooted_dirt":24,"minecraft:oak_sapling":29,"twigs:rhyolite":61,"goodending:birch_mushroom":2,"minecraft:crafting_table":3,"minecraft:charcoal":160,"byg:soapstone":30,"twigs:petrified_lichen":3,"minecraft:azure_bluet":3,"minecraft:nether_wart":5,"minecraft:ladder":1,"friendsandfoes:totem_of_illusion":1,"minecraft:gold_block":1,"another_furniture:oak_chair":3,"minecraft:cornflower":1,"minecraft:iron_axe":2,"minecraft:wooden_sword":1,"minecraft:iron_shovel":2,"minecraft:deepslate_diamond_ore":33,"minecraft:beef":6,"minecraft:oak_boat":4,"minecraft:poppy":2,"minecraft:lectern":2,"supplementaries:rope":6,"minecraft:birch_sapling":10,"minecraft:raw_iron":85,"minecraft:stone":4,"minecraft:copper_ingot":12,"upgrade_aquatic:pike":2,"minecraft:music_disc_11":1,"minecraft:redstone":396,"minecraft:arrow":27,"immersive_weathering:deepslate_tile":4,"minecraft:deepslate_bricks":2,"minecraft:saddle":1,"minecraft:black_banner":1,"byg:white_puffball_spores":1,"minecraft:mutton":11,"minecraft:rail":2,"environmental:duck":1,"minecraft:skeleton_skull":1,"minecraft:white_wool":7,"minecraft:oxeye_daisy":1,"minecraft:salmon":4,"minecraft:leather":12,"galosphere:deepslate_silver_ore":3,"minecraft:yellow_bed":1,"quark:diorite_bricks":28,"savage_and_ravage:creeper_spores":1,"minecraft:oak_log":180,"excavated_variants:twigs_rhyolite_lapis_ore":2,"quark:granite_bricks":3,"minecraft:cobbled_deepslate_stairs":23,"minecraft:cobblestone_stairs":35,"upgrade_aquatic:blue_pickerelweed":5,"minecraft:white_banner":1,"environmental:healer_pouch":1,"minecraft:cooked_mutton":6,"vinery:wine_bottle":2,"minecraft:apple":3,"minecraft:stone_bricks":17,"byg:red_oak_sapling":9,"minecraft:cobweb":4,"minecraft:iron_sword":2,"minecraft:book":82,"minecraft:dandelion":4,"minecraft:dripstone_block":2,"minecraft:gravel":239,"minecraft:amethyst_shard":39,"minecraft:blast_furnace":1,"minecraft:white_bed":1,"minecraft:spider_eye":8,"minecraft:oak_wood":34,"byg:tall_allium":3,"minecraft:iron_helmet":1,"minecraft:deepslate_redstone_ore":23,"minecraft:oak_button":1,"minecraft:black_wool":2,"minecraft:coal":132,"minecraft:ender_pearl":3},"minecraft:used":{"quark:ancient_tome":1,"environmental:cooked_venison":2,"minecraft:iron_shovel":779,"minecraft:ladder":65,"minecraft:shield":2,"minecraft:iron_sword":261,"minecraft:stone":4,"supplementaries:gold_door":1,"minecraft:iron_chestplate":1,"minecraft:tuff":79,"twigs:oak_table":4,"minecraft:azure_bluet":1,"friendsandfoes:totem_of_illusion":1,"minecraft:grass_block":4,"minecraft:iron_helmet":2,"excavated_variants:twigs_rhyolite_lapis_ore":2,"minecraft:deepslate_diamond_ore":58,"galosphere:amethyst_bricks":235,"woodworks:birch_chest":15,"minecraft:furnace":27,"minecraft:cooked_cod":3,"minecraft:diorite":41,"minecraft:oak_planks":363,"minecraft:stone_pickaxe":1997,"sod:dirt_sod_stairs":1,"minecraft:wooden_pickaxe":12,"excavated_variants:tuff_redstone_ore":4,"another_furniture:oak_chair":7,"minecraft:white_wool":1,"minecraft:golden_apple":3,"minecraft:deepslate_redstone_ore":61,"minecraft:crossbow":2,"minecraft:deepslate_lapis_ore":6,"decorative_blocks:chandelier":7,"minecraft:lightning_rod":1,"minecraft:deepslate_tiles":322,"minecraft:deepslate_iron_ore":1,"minecraft:bread":54,"minecraft:string":1,"minecraft:lectern":1,"minecraft:deepslate":683,"minecraft:gravel":4,"vinery:cherry_wine":27,"minecraft:diamond_sword":26,"minecraft:wooden_sword":7,"minecraft:andesite":7,"minecraft:birch_log":23,"excavated_variants:tuff_diamond_ore":8,"minecraft:oak_boat":4,"minecraft:air":1,"excavated_variants:twigs_rhyolite_diamond_ore":3,"ecologics:crab_claw":1,"minecraft:enchanting_table":1,"minecraft:stone_sword":136,"minecraft:redstone":2,"woodworks:oak_chest":47,"minecraft:deepslate_gold_ore":32,"minecraft:cooked_chicken":56,"minecraft:oak_door":2,"quark:granite_bricks":53,"minecraft:torch":867,"minecraft:dirt":98,"minecraft:anvil":1,"minecraft:oak_wood":210,"minecraft:granite":15,"minecraft:bookshelf":25,"minecraft:iron_axe":470,"minecraft:rooted_dirt":13,"minecraft:cooked_beef":3,"minecraft:golden_axe":36,"minecraft:cobbled_deepslate":268,"minecraft:iron_leggings":1,"minecraft:cooked_mutton":6,"minecraft:cobblestone_stairs":147,"minecraft:cobblestone_slab":23,"minecraft:deepslate_bricks":44,"minecraft:polished_blackstone_pressure_plate":1,"environmental:thief_hood":1,"minecraft:crafting_table":5,"minecraft:white_bed":2,"minecraft:cod":1,"minecraft:book":1,"minecraft:dark_oak_door":2,"immersive_weathering:deepslate_tile":4,"minecraft:wooden_hoe":58,"minecraft:diamond_pickaxe":4224,"minecraft:diamond_shovel":432,"minecraft:iron_pickaxe":2272,"minecraft:leather_helmet":1,"supplementaries:rope":6,"byg:soapstone":19,"galosphere:deepslate_silver_ore":18,"minecraft:stone_axe":153,"minecraft:enchanted_book":6,"minecraft:fishing_rod":33,"quark:diorite_bricks":217,"minecraft:cobblestone":181,"minecraft:cooked_porkchop":1,"alexsmobs:animal_dictionary":1,"twigs:pebble":1},"minecraft:crafted":{"minecraft:oak_planks":1000,"minecraft:cobblestone_slab":18,"aether:iron_ring":1,"galosphere:amethyst_bricks":28,"minecraft:cooked_chicken":64,"minecraft:lightning_rod":1,"another_furniture:oak_chair":6,"minecraft:stone":6,"minecraft:cobblestone_stairs":160,"minecraft:diamond_shovel":1,"decorative_blocks:chandelier":6,"minecraft:bookshelf":14,"shieldexp:iron_shield":1,"minecraft:cooked_mutton":8,"minecraft:diamond_helmet":1,"minecraft:diamond_leggings":1,"minecraft:iron_boots":1,"twigs:oak_table":4,"galosphere:smooth_amethyst":28,"minecraft:oak_fence":24,"blue_skies:blue_journal":1,"minecraft:oak_slab":12,"minecraft:emerald":16,"minecraft:crafting_table":4,"minecraft:wooden_pickaxe":1,"minecraft:iron_helmet":1,"minecraft:copper_ingot":30,"minecraft:birch_planks":64,"quark:granite_bricks":124,"minecraft:wooden_hoe":1,"minecraft:iron_chestplate":1,"minecraft:diamond_pickaxe":5,"minecraft:charcoal":106,"minecraft:stick":182,"minecraft:iron_ingot":72,"minecraft:iron_pickaxe":5,"minecraft:stone_sword":1,"environmental:cooked_venison":2,"minecraft:gold_ingot":30,"minecraft:deepslate_bricks":636,"minecraft:oak_door":3,"sculked:polished_stone":4,"minecraft:fishing_rod":4,"minecraft:furnace":10,"quark:diorite_bricks":220,"sod:dirt_sod_stairs":240,"minecraft:polished_diorite":220,"minecraft:polished_deepslate":640,"minecraft:iron_axe":2,"minecraft:stone_pickaxe":17,"minecraft:diamond_boots":1,"minecraft:bundle":1,"minecraft:cooked_beef":6,"minecraft:cooked_cod":3,"woodworks:birch_chest":7,"vinery:cherry_wine":8,"minecraft:diamond_sword":1,"minecraft:enchanting_table":1,"minecraft:iron_sword":1,"minecraft:polished_granite":124,"minecraft:cooked_salmon":3,"minecraft:leather_helmet":1,"minecraft:deepslate_tiles":96,"minecraft:stone_axe":1,"minecraft:air":0,"woodworks:oak_chest":29,"minecraft:oak_boat":2,"minecraft:golden_apple":1,"minecraft:flint":64,"windswept:wooden_bucket":1,"minecraft:iron_leggings":1,"minecraft:iron_shovel":4,"minecraft:white_bed":2,"minecraft:torch":296,"minecraft:diamond_chestplate":1},"minecraft:mined":{"minecraft:large_amethyst_bud":3,"minecraft:white_bed":1,"minecraft:farmland":1,"sculked:deep_earth":111,"byg:yellow_daffodil":1,"quark:diorite_bricks":28,"minecraft:cobblestone_stairs":35,"quark:granite_bricks":3,"excavated_variants:tuff_diamond_ore":16,"minecraft:granite":149,"minecraft:budding_amethyst":4,"minecraft:grass_block":574,"excavated_variants:dripstone_iron_ore":2,"sod:dirt_sod_stairs":1,"minecraft:deepslate_bricks":2,"woodworks:birch_chest":11,"minecraft:spawner":6,"minecraft:smooth_stone":6,"minecraft:magma_block":1,"excavated_variants:byg_soapstone_coal_ore":5,"minecraft:iron_ore":53,"immersive_weathering:mossy_stone":2,"minecraft:cobbled_deepslate":51,"minecraft:fire":5,"byg:prairie_grass":8,"minecraft:deepslate_lapis_ore":12,"minecraft:azure_bluet":3,"minecraft:pointed_dripstone":9,"minecraft:oak_stairs":2,"minecraft:iron_bars":6,"excavated_variants:byg_soapstone_lapis_ore":1,"excavated_variants:byg_soapstone_gold_ore":7,"minecraft:tripwire":1,"immersive_weathering:oak_leaf_pile":52,"byg:tall_prairie_grass":9,"vinery:cherry_wine":7,"minecraft:deepslate_redstone_ore":208,"supplementaries:book_pile":4,"minecraft:medium_amethyst_bud":3,"immersive_weathering:spruce_leaf_pile":1,"minecraft:amethyst_cluster":9,"minecraft:torch":60,"minecraft:blast_furnace":1,"minecraft:calcite":2,"galosphere:silver_ore":5,"minecraft:cobblestone":25,"minecraft:white_candle":1,"excavated_variants:byg_soapstone_copper_ore":2,"minecraft:oak_planks":52,"minecraft:iron_door":1,"upgrade_aquatic:blue_pickerelweed":1,"minecraft:wall_torch":68,"minecraft:amethyst_block":31,"excavated_variants:tuff_redstone_ore":8,"minecraft:white_terracotta":5,"minecraft:skeleton_skull":1,"minecraft:seagrass":1,"excavated_variants:twigs_rhyolite_iron_ore":7,"byg:soapstone":33,"minecraft:birch_log":92,"minecraft:lilac":3,"immersive_weathering:humus":2,"upgrade_aquatic:tall_blue_pickerelweed":2,"minecraft:stone_brick_stairs":2,"minecraft:smooth_stone_slab":8,"minecraft:grass":123,"minecraft:oak_log":189,"minecraft:dirt":640,"villagersplus:alchemist_table":1,"minecraft:smooth_basalt":4,"twigs:rhyolite":102,"minecraft:oak_leaves":9,"minecraft:deepslate":4311,"minecraft:infested_deepslate":2,"minecraft:deepslate_tiles":7,"minecraft:tuff":350,"byg:clover_patch":7,"upgrade_aquatic:river_log":5,"minecraft:deepslate_diamond_ore":132,"minecraft:oak_door":5,"excavated_variants:byg_soapstone_iron_ore":5,"goodending:birch_mushroom":2,"galosphere:amethyst_bricks":2,"minecraft:glow_lichen":2,"immersive_weathering:birch_leaf_pile":8,"minecraft:ladder":1,"minecraft:redstone_wire":2,"excavated_variants:twigs_rhyolite_redstone_ore":5,"excavated_variants:granite_coal_ore":2,"another_furniture:oak_chair":3,"minecraft:rooted_dirt":15,"supplementaries:rope":5,"excavated_variants:twigs_rhyolite_diamond_ore":7,"minecraft:furnace":17,"minecraft:andesite":49,"byg:allium_flower_bush":2,"minecraft:gold_block":1,"minecraft:bookshelf":28,"farmersdelight:rope":2,"minecraft:deepslate_iron_ore":14,"minecraft:cobblestone_slab":10,"minecraft:rail":1,"minecraft:green_candle":1,"minecraft:stone":1715,"minecraft:white_wool":1,"excavated_variants:twigs_rhyolite_lapis_ore":4,"minecraft:podzol":9,"supplementaries:book_pile_horizontal":1,"excavated_variants:andesite_gold_ore":2,"galosphere:deepslate_silver_ore":42,"minecraft:oak_fence":5,"minecraft:crafting_table":2,"minecraft:oak_wood":34,"immersive_weathering:rooted_grass_block":5,"minecraft:lectern":2,"woodworks:oak_chest":7,"minecraft:copper_ore":11,"minecraft:tall_grass":15,"minecraft:lapis_ore":7,"minecraft:deepslate_gold_ore":67,"minecraft:diorite":267,"excavated_variants:tuff_gold_ore":4,"twigs:tangerine_seashell":1,"minecraft:black_wall_banner":1,"minecraft:birch_leaves":9,"minecraft:yellow_bed":1,"decorative_blocks:chandelier":3,"minecraft:coal_ore":115,"minecraft:gravel":207,"byg:tall_pink_allium":1,"minecraft:cobweb":60,"minecraft:cracked_stone_bricks":2,"minecraft:oak_button":2,"minecraft:polished_andesite":1,"minecraft:stone_bricks":8,"byg:tall_allium":5,"minecraft:gold_ore":6,"excavated_variants:andesite_coal_ore":1,"excavated_variants:granite_iron_ore":7,"excavated_variants:diorite_coal_ore":10}},"DataVersion":3120}