{"stats":{"minecraft:broken":{"minecraft:stone_pickaxe":15,"minecraft:stone_axe":1,"minecraft:iron_pickaxe":1},"minecraft:used":{"minecraft:cooked_mutton":2,"minecraft:diorite":41,"minecraft:iron_shovel":1,"minecraft:cobblestone_stairs":147,"minecraft:stone_sword":29,"minecraft:stone_pickaxe":1997,"minecraft:oak_planks":9,"woodworks:oak_chest":6,"minecraft:wooden_pickaxe":12,"minecraft:shield":2,"minecraft:stone":4,"minecraft:cobblestone_slab":23,"minecraft:white_wool":1,"minecraft:torch":161,"minecraft:dirt":4,"minecraft:crafting_table":1,"minecraft:granite":15,"minecraft:grass_block":1,"minecraft:iron_axe":46,"minecraft:bread":9,"minecraft:iron_pickaxe":319,"minecraft:leather_helmet":1,"minecraft:gravel":3,"minecraft:stone_axe":153,"minecraft:wooden_sword":7,"minecraft:cobblestone":107,"woodworks:birch_chest":1,"minecraft:furnace":5,"minecraft:andesite":7,"alexsmobs:animal_dictionary":1,"minecraft:cooked_beef":3,"minecraft:cobbled_deepslate":3,"minecraft:iron_leggings":1},"minecraft:mined":{"goodending:birch_mushroom":2,"minecraft:cobblestone_stairs":35,"minecraft:torch":29,"minecraft:glow_lichen":1,"immersive_weathering:birch_leaf_pile":3,"minecraft:granite":140,"minecraft:grass_block":3,"woodworks:oak_chest":2,"minecraft:tall_grass":1,"minecraft:copper_ore":10,"minecraft:cobblestone":14,"minecraft:lapis_ore":6,"minecraft:diorite":264,"minecraft:wall_torch":16,"woodworks:birch_chest":1,"twigs:tangerine_seashell":1,"minecraft:furnace":1,"minecraft:birch_log":67,"minecraft:iron_ore":25,"minecraft:cobbled_deepslate":5,"minecraft:andesite":44,"minecraft:birch_leaves":9,"minecraft:grass":7,"minecraft:oak_log":88,"minecraft:coal_ore":35,"minecraft:cobblestone_slab":10,"minecraft:gravel":15,"minecraft:dirt":92,"minecraft:stone":1609,"minecraft:white_wool":1,"minecraft:oak_leaves":2,"immersive_weathering:oak_leaf_pile":18},"minecraft:custom":{"minecraft:interact_with_furnace":42,"minecraft:mob_kills":17,"minecraft:interact_with_crafting_table":33,"goblintraders:trade_with_goblin":62,"minecraft:leave_game":2,"minecraft:time_since_death":4548,"minecraft:climb_one_cm":533,"minecraft:time_since_rest":4585,"minecraft:sprint_one_cm":320582,"minecraft:damage_taken":1407,"minecraft:walk_one_cm":362608,"minecraft:damage_blocked_by_shield":30,"minecraft:drop":8,"minecraft:damage_dealt":3584,"minecraft:swim_one_cm":2953,"minecraft:fly_one_cm":140144,"minecraft:open_chest":64,"minecraft:play_time":184110,"minecraft:crouch_one_cm":35375,"minecraft:deaths":4,"minecraft:sneak_time":15268,"minecraft:walk_under_water_one_cm":3878,"minecraft:jump":2004,"minecraft:walk_on_water_one_cm":9622,"minecraft:total_world_time":184110,"minecraft:fall_one_cm":19886},"minecraft:picked_up":{"minecraft:birch_log":67,"minecraft:charcoal":20,"woodworks:birch_chest":1,"minecraft:crafting_table":1,"minecraft:feather":2,"minecraft:andesite":44,"minecraft:leather":5,"alexsmobs:bear_fur":2,"minecraft:flint":4,"minecraft:oak_log":88,"minecraft:cobblestone_stairs":35,"minecraft:lapis_lazuli":29,"minecraft:dirt":91,"minecraft:raw_copper":30,"minecraft:wooden_sword":1,"minecraft:bone":4,"woodworks:oak_chest":2,"minecraft:wheat_seeds":1,"minecraft:cobbled_deepslate":5,"twigs:pebble":1,"delightful:acorn":4,"minecraft:beef":6,"minecraft:cobblestone_slab":12,"twigs:twig":18,"minecraft:birch_sapling":10,"minecraft:furnace":1,"minecraft:stick":3,"minecraft:raw_iron":25,"minecraft:porkchop":2,"minecraft:torch":49,"minecraft:gravel":87,"minecraft:diorite":264,"minecraft:grass_block":2,"minecraft:arrow":2,"minecraft:rotten_flesh":1,"minecraft:granite":140,"environmental:duck":1,"twigs:tangerine_seashell":1,"goodending:birch_mushroom":2,"minecraft:black_wool":1,"minecraft:oak_sapling":21,"minecraft:mutton":5,"minecraft:coal":34,"minecraft:white_wool":3,"minecraft:cobblestone":1620,"minecraft:ender_pearl":1},"minecraft:crafted":{"minecraft:cooked_beef":6,"woodworks:birch_chest":7,"minecraft:oak_planks":136,"sculked:polished_stone":4,"minecraft:cobblestone_slab":18,"minecraft:emerald":16,"minecraft:crafting_table":1,"minecraft:wooden_pickaxe":1,"minecraft:furnace":10,"minecraft:cobblestone_stairs":160,"minecraft:stone":6,"minecraft:leather_helmet":1,"minecraft:birch_planks":56,"minecraft:stone_axe":1,"minecraft:cooked_mutton":2,"minecraft:air":0,"woodworks:oak_chest":7,"minecraft:iron_chestplate":1,"minecraft:charcoal":106,"minecraft:iron_axe":1,"minecraft:stick":118,"minecraft:flint":64,"minecraft:iron_ingot":32,"minecraft:iron_pickaxe":4,"minecraft:stone_pickaxe":17,"minecraft:stone_sword":1,"minecraft:iron_shovel":1,"minecraft:iron_leggings":1,"minecraft:torch":172},"minecraft:killed_by":{"minecraft:skeleton":1,"minecraft:enderman":3},"minecraft:killed":{"minecraft:pig":2,"environmental:duck":1,"alexsmobs:grizzly_bear":1,"minecraft:spider":1,"minecraft:skeleton":3,"minecraft:sheep":3,"minecraft:zombie":1,"minecraft:enderman":2,"minecraft:cow":3},"minecraft:dropped":{"minecraft:wheat_seeds":1,"minecraft:cooked_beef":3,"minecraft:oak_log":1,"minecraft:stick":1,"minecraft:torch":20,"minecraft:wooden_sword":1,"minecraft:stone_pickaxe":2}},"DataVersion":3120}