{"stats":{"minecraft:broken":{"minecraft:stone_pickaxe":14,"minecraft:stone_axe":1},"minecraft:used":{"minecraft:cooked_mutton":2,"minecraft:diorite":35,"minecraft:stone_sword":10,"minecraft:stone_pickaxe":1929,"minecraft:oak_planks":9,"woodworks:oak_chest":6,"minecraft:wooden_pickaxe":12,"minecraft:shield":2,"minecraft:stone":4,"minecraft:cobblestone_slab":23,"minecraft:torch":133,"minecraft:dirt":4,"minecraft:crafting_table":1,"minecraft:granite":15,"minecraft:iron_axe":32,"minecraft:bread":9,"minecraft:iron_pickaxe":53,"minecraft:leather_helmet":1,"minecraft:gravel":3,"minecraft:stone_axe":153,"minecraft:wooden_sword":7,"minecraft:cobblestone":94,"woodworks:birch_chest":1,"minecraft:furnace":5,"minecraft:andesite":6,"alexsmobs:animal_dictionary":1,"minecraft:cooked_beef":1,"minecraft:cobbled_deepslate":3,"minecraft:iron_leggings":1},"minecraft:mined":{"minecraft:torch":26,"minecraft:glow_lichen":1,"immersive_weathering:birch_leaf_pile":3,"minecraft:granite":140,"minecraft:grass_block":1,"woodworks:oak_chest":2,"minecraft:copper_ore":9,"minecraft:cobblestone":8,"minecraft:lapis_ore":6,"minecraft:diorite":250,"minecraft:wall_torch":9,"woodworks:birch_chest":1,"minecraft:furnace":1,"minecraft:birch_log":67,"minecraft:iron_ore":25,"minecraft:cobbled_deepslate":5,"minecraft:andesite":44,"minecraft:birch_leaves":1,"minecraft:grass":6,"minecraft:oak_log":88,"minecraft:coal_ore":25,"minecraft:cobblestone_slab":10,"minecraft:gravel":15,"minecraft:dirt":87,"minecraft:stone":1353,"minecraft:oak_leaves":2,"immersive_weathering:oak_leaf_pile":7},"minecraft:custom":{"minecraft:interact_with_furnace":40,"minecraft:mob_kills":8,"minecraft:interact_with_crafting_table":31,"goblintraders:trade_with_goblin":62,"minecraft:leave_game":2,"minecraft:time_since_death":88987,"minecraft:climb_one_cm":461,"minecraft:time_since_rest":89022,"minecraft:sprint_one_cm":239901,"minecraft:damage_taken":719,"minecraft:walk_one_cm":292845,"minecraft:damage_blocked_by_shield":30,"minecraft:drop":7,"minecraft:damage_dealt":1771,"minecraft:fly_one_cm":90113,"minecraft:open_chest":59,"minecraft:play_time":160110,"minecraft:crouch_one_cm":27092,"minecraft:deaths":2,"minecraft:sneak_time":12090,"minecraft:walk_under_water_one_cm":641,"minecraft:jump":1536,"minecraft:walk_on_water_one_cm":535,"minecraft:total_world_time":160110,"minecraft:fall_one_cm":12145},"minecraft:picked_up":{"minecraft:birch_log":67,"minecraft:charcoal":20,"woodworks:birch_chest":1,"minecraft:crafting_table":1,"minecraft:andesite":44,"minecraft:leather":5,"minecraft:flint":4,"minecraft:oak_log":88,"minecraft:lapis_lazuli":29,"minecraft:dirt":85,"minecraft:raw_copper":26,"minecraft:wooden_sword":1,"minecraft:bone":2,"woodworks:oak_chest":2,"minecraft:wheat_seeds":1,"minecraft:cobbled_deepslate":5,"twigs:pebble":1,"delightful:acorn":4,"minecraft:beef":6,"minecraft:cobblestone_slab":12,"twigs:twig":18,"minecraft:birch_sapling":10,"minecraft:furnace":1,"minecraft:stick":2,"minecraft:raw_iron":25,"minecraft:torch":36,"minecraft:gravel":79,"minecraft:diorite":250,"minecraft:grass_block":1,"minecraft:rotten_flesh":1,"minecraft:granite":140,"minecraft:oak_sapling":21,"minecraft:mutton":2,"minecraft:coal":25,"minecraft:white_wool":1,"minecraft:cobblestone":1358},"minecraft:crafted":{"minecraft:cooked_beef":6,"woodworks:birch_chest":7,"minecraft:oak_planks":136,"sculked:polished_stone":4,"minecraft:cobblestone_slab":18,"minecraft:emerald":16,"minecraft:crafting_table":1,"minecraft:wooden_pickaxe":1,"minecraft:furnace":10,"minecraft:stone":6,"minecraft:leather_helmet":1,"minecraft:birch_planks":56,"minecraft:stone_axe":1,"minecraft:cooked_mutton":2,"minecraft:air":0,"woodworks:oak_chest":7,"minecraft:iron_chestplate":1,"minecraft:charcoal":106,"minecraft:iron_axe":1,"minecraft:stick":118,"minecraft:flint":64,"minecraft:iron_ingot":32,"minecraft:iron_pickaxe":4,"minecraft:stone_pickaxe":17,"minecraft:stone_sword":1,"minecraft:iron_shovel":1,"minecraft:iron_leggings":1,"minecraft:torch":172},"minecraft:killed_by":{"minecraft:skeleton":1,"minecraft:enderman":1},"minecraft:killed":{"minecraft:skeleton":2,"minecraft:sheep":1,"minecraft:zombie":1,"minecraft:enderman":1,"minecraft:cow":3},"minecraft:dropped":{"minecraft:wheat_seeds":1,"minecraft:cooked_beef":3,"minecraft:oak_log":1,"minecraft:torch":20,"minecraft:wooden_sword":1,"minecraft:stone_pickaxe":2}},"DataVersion":3120}